key,dataset,world,rendered,reason,side,road_mean,road_min,obst_max,y_road_minus_env,t_c,t_conflict,det_max,env_max,tracks_s,gpu_s,frames_pre,vis_frames_pre,changed_px,out_any,out_thr,occ,occ_chg,clear,clear_chg
kitti360-0000_10320_10520,kitti360,minus,True,ok,,,,,,6.0,,0,0,1.79,26.3,,,,,,,,,
kitti360-0000_10320_10520,kitti360,static,True,ok,0.0,1.0,1.0,0.0,0.127,6.0,6.0,0,0,1.79,26.3,30.0,30.0,147985.0,0.0,0.0,7.0,6.0,915234.0,909390.0
kitti360-0000_10320_10520,kitti360,cutin,False,obstacle,-1.0,0.823,0.467,1685.0,0.073,6.0,4.8,0,0,1.79,26.3,,,,,,,,,
kitti360-0000_10320_10520,kitti360,oncoming,True,ok,0.0,1.0,1.0,1.0,0.078,6.0,4.85,0,0,1.79,26.3,25.0,25.0,138771.0,0.0,0.0,59.0,36.0,495885.0,494377.0
kitti360-0000_10320_10520,kitti360,null,False,obstacle,-1.0,0.738,0.467,1141.0,0.078,6.0,,0,0,1.79,26.3,,,,,,,,,
kitti360-0000_10520_10720,kitti360,minus,True,ok,,,,,,6.0,,0,0,1.56,26.44,,,,,,,,,
kitti360-0000_10520_10720,kitti360,static,True,ok,0.0,1.0,1.0,0.0,0.068,6.0,6.0,0,0,1.56,26.44,30.0,22.0,132345.0,0.0,0.0,6405.0,141.0,345270.0,335338.0
kitti360-0000_10520_10720,kitti360,cutin,False,obstacle,-1.0,0.85,0.533,5421.0,0.058,6.0,4.75,0,0,1.56,26.44,,,,,,,,,
kitti360-0000_10520_10720,kitti360,oncoming,True,ok,0.0,1.0,1.0,0.0,0.058,6.0,4.8,0,0,1.56,26.44,24.0,15.0,46711.0,0.0,0.0,3654.0,78.0,123165.0,120474.0
kitti360-0000_10520_10720,kitti360,null,False,obstacle,-1.0,0.803,0.533,4655.0,0.056,6.0,,0,0,1.56,26.44,,,,,,,,,
kitti360-0000_10720_10920,kitti360,minus,True,ok,,,,,,10.4,,0,0,1.27,20.24,,,,,,,,,
kitti360-0000_10720_10920,kitti360,static,True,ok,0.0,1.0,1.0,0.0,0.004,10.4,10.4,0,0,1.27,20.24,30.0,30.0,141956.0,0.0,0.0,0.0,0.0,713293.0,671126.0
kitti360-0000_10720_10920,kitti360,cutin,False,obstacle,-1.0,0.881,0.667,441.0,0.024,10.4,8.65,0,0,1.27,20.24,,,,,,,,,
kitti360-0000_10720_10920,kitti360,oncoming,True,ok,0.0,1.0,1.0,0.0,0.007,10.4,9.15,0,0,1.27,20.24,24.0,24.0,91118.0,0.0,0.0,13.0,12.0,205108.0,202922.0
kitti360-0000_10720_10920,kitti360,null,False,obstacle,-1.0,0.733,0.667,533.0,0.072,10.4,,0,0,1.27,20.24,,,,,,,,,
kitti360-0000_1126_1326,kitti360,minus,True,ok,,,,,,6.0,,0,0,1.07,19.41,,,,,,,,,
kitti360-0000_1126_1326,kitti360,static,True,ok,0.0,1.0,1.0,0.0,0.0,6.0,6.0,0,0,1.07,19.41,30.0,30.0,249176.0,0.0,0.0,0.0,0.0,1484762.0,1466856.0
kitti360-0000_1126_1326,kitti360,cutin,False,offroad,1.0,0.446,0.133,3007.0,0.025,6.0,4.55,0,0,1.07,19.41,,,,,,,,,
kitti360-0000_1126_1326,kitti360,oncoming,True,ok,0.0,1.0,1.0,0.0,0.006,6.0,4.65,0,0,1.07,19.41,24.0,24.0,112868.0,41.0,0.0,0.0,0.0,177951.0,175094.0
kitti360-0000_1126_1326,kitti360,null,False,offroad,-1.0,0.401,0.0,3502.0,0.031,6.0,,0,0,1.07,19.41,,,,,,,,,
kitti360-0000_1290_1490,kitti360,minus,True,ok,,,,,,6.0,,0,0,1.34,12.1,,,,,,,,,
kitti360-0000_1290_1490,kitti360,static,True,ok,0.0,1.0,1.0,0.0,0.037,6.0,6.0,0,0,1.34,12.1,30.0,30.0,823376.0,45.0,0.0,10983.0,9338.0,2854119.0,2831430.0
kitti360-0000_1290_1490,kitti360,cutin,False,obstacle,-1.0,0.876,0.667,134.0,0.028,6.0,4.7,0,0,1.34,12.1,,,,,,,,,
kitti360-0000_1290_1490,kitti360,oncoming,False,offroad,0.0,0.871,0.267,1321.0,-0.002,6.0,,0,0,1.34,12.1,,,,,,,,,
kitti360-0000_1290_1490,kitti360,null,False,offroad,-1.0,0.641,0.0,957.0,-0.012,6.0,,0,0,1.34,12.1,,,,,,,,,
kitti360-0000_1560_1760,kitti360,minus,True,ok,,,,,,6.0,,0,0,1.29,25.97,,,,,,,,,
kitti360-0000_1560_1760,kitti360,static,True,ok,0.0,1.0,1.0,0.0,0.028,6.0,6.0,0,0,1.29,25.97,30.0,30.0,123237.0,0.0,0.0,47.0,20.0,314879.0,313506.0
kitti360-0000_1560_1760,kitti360,cutin,False,obstacle,-1.0,0.946,0.6,2352.0,0.024,6.0,4.95,0,0,1.29,25.97,,,,,,,,,
kitti360-0000_1560_1760,kitti360,oncoming,True,ok,0.0,1.0,1.0,1.0,0.008,6.0,4.85,0,0,1.29,25.97,25.0,25.0,129078.0,0.0,0.0,3.0,1.0,490185.0,481500.0
kitti360-0000_1560_1760,kitti360,null,False,obstacle,-1.0,0.836,0.6,2352.0,0.037,6.0,,0,0,1.29,25.97,,,,,,,,,
kitti360-0000_1820_2020,kitti360,minus,True,ok,,,,,,6.0,,0,0,1.35,20.86,,,,,,,,,
kitti360-0000_1820_2020,kitti360,static,True,ok,0.0,1.0,1.0,0.0,0.027,6.0,6.0,0,0,1.35,20.86,30.0,30.0,302106.0,0.0,0.0,5270.0,812.0,1372942.0,1347056.0
kitti360-0000_1820_2020,kitti360,cutin,False,offroad,-1.0,0.7,0.333,289.0,0.009,6.0,5.15,0,0,1.35,20.86,,,,,,,,,
kitti360-0000_1820_2020,kitti360,oncoming,True,ok,0.0,1.0,1.0,0.0,0.01,6.0,4.85,0,0,1.35,20.86,25.0,15.0,164071.0,0.0,0.0,20567.0,1232.0,249131.0,245746.0
kitti360-0000_1820_2020,kitti360,null,False,offroad,1.0,0.602,0.2,988.0,-0.011,6.0,,0,0,1.35,20.86,,,,,,,,,
kitti360-0000_250_450,kitti360,minus,True,ok,,,,,,6.0,,0,0,1.42,23.55,,,,,,,,,
kitti360-0000_250_450,kitti360,static,True,ok,0.0,1.0,1.0,0.0,-0.023,6.0,6.0,0,0,1.42,23.55,30.0,30.0,147407.0,0.0,0.0,0.0,0.0,416845.0,412027.0
kitti360-0000_250_450,kitti360,cutin,False,obstacle,-1.0,0.841,0.6,6297.0,-0.006,6.0,4.95,0,0,1.42,23.55,,,,,,,,,
kitti360-0000_250_450,kitti360,oncoming,True,ok,0.0,1.0,1.0,0.0,-0.014,6.0,4.55,0,0,1.42,23.55,23.0,23.0,51422.0,0.0,0.0,264.0,24.0,157277.0,152377.0
kitti360-0000_250_450,kitti360,null,False,offroad,-1.0,0.655,0.533,6297.0,0.002,6.0,,0,0,1.42,23.55,,,,,,,,,
kitti360-0000_2510_2710,kitti360,minus,True,ok,,,,,,6.0,,0,0,1.33,25.43,,,,,,,,,
kitti360-0000_2510_2710,kitti360,static,True,ok,0.0,1.0,1.0,0.0,-0.121,6.0,6.0,0,0,1.33,25.43,30.0,30.0,136150.0,0.0,0.0,2.0,2.0,837628.0,834080.0
kitti360-0000_2510_2710,kitti360,cutin,False,obstacle,-1.0,0.997,0.933,5334.0,-0.01,6.0,4.85,0,0,1.33,25.43,,,,,,,,,
kitti360-0000_2510_2710,kitti360,oncoming,True,ok,0.0,1.0,1.0,0.0,-0.057,6.0,4.9,0,0,1.33,25.43,25.0,25.0,86905.0,0.0,0.0,110.0,104.0,194725.0,194505.0
kitti360-0000_2510_2710,kitti360,null,False,obstacle,-1.0,0.913,0.667,5826.0,-0.006,6.0,,0,0,1.33,25.43,,,,,,,,,
kitti360-0000_2800_3000,kitti360,minus,True,ok,,,,,,6.0,,0,0,1.46,29.01,,,,,,,,,
kitti360-0000_2800_3000,kitti360,static,True,ok,0.0,1.0,1.0,0.0,-0.057,6.0,6.0,0,0,1.46,29.01,30.0,30.0,122917.0,0.0,0.0,0.0,0.0,283789.0,283572.0
kitti360-0000_2800_3000,kitti360,cutin,False,obstacle,-1.0,0.974,0.733,6224.0,-0.042,6.0,4.75,0,0,1.46,29.01,,,,,,,,,
kitti360-0000_2800_3000,kitti360,oncoming,True,ok,0.0,1.0,1.0,0.0,-0.077,6.0,4.7,0,0,1.46,29.01,24.0,24.0,87549.0,0.0,0.0,33.0,33.0,237279.0,236770.0
kitti360-0000_2800_3000,kitti360,null,False,obstacle,-1.0,0.839,0.533,6224.0,-0.014,6.0,,0,0,1.46,29.01,,,,,,,,,
kitti360-0000_3000_3200,kitti360,minus,True,ok,,,,,,6.0,,0,0,1.17,19.21,,,,,,,,,
kitti360-0000_3000_3200,kitti360,static,True,ok,0.0,1.0,1.0,0.0,0.005,6.0,6.0,0,0,1.17,19.21,30.0,27.0,171130.0,0.0,0.0,8018.0,393.0,913463.0,884316.0
kitti360-0000_3000_3200,kitti360,cutin,False,offroad,1.0,0.633,0.333,1264.0,-0.014,6.0,4.7,0,0,1.17,19.21,,,,,,,,,
kitti360-0000_3000_3200,kitti360,oncoming,True,ok,0.0,1.0,1.0,0.0,-0.002,6.0,4.8,0,0,1.17,19.21,24.0,24.0,68789.0,0.0,0.0,7208.0,334.0,545029.0,543678.0
kitti360-0000_3000_3200,kitti360,null,False,offroad,1.0,0.357,0.0,549.0,-0.017,6.0,,0,0,1.17,19.21,,,,,,,,,
kitti360-0000_3200_3400,kitti360,minus,True,ok,,,,,,6.0,,0,0,1.43,21.09,,,,,,,,,
kitti360-0000_3200_3400,kitti360,static,True,ok,0.0,1.0,1.0,0.0,-0.002,6.0,6.0,0,0,1.43,21.09,30.0,24.0,139891.0,0.0,0.0,6914.0,168.0,427432.0,411288.0
kitti360-0000_3200_3400,kitti360,cutin,False,obstacle,-1.0,0.827,0.667,2696.0,-0.014,6.0,4.7,0,0,1.43,21.09,,,,,,,,,
kitti360-0000_3200_3400,kitti360,oncoming,True,ok,0.0,1.0,1.0,0.0,0.0,6.0,4.8,0,0,1.43,21.09,24.0,24.0,86431.0,0.0,0.0,4902.0,221.0,581684.0,578632.0
kitti360-0000_3200_3400,kitti360,null,False,offroad,-1.0,0.616,0.333,1032.0,-0.01,6.0,,0,0,1.43,21.09,,,,,,,,,
kitti360-0000_3400_3600,kitti360,minus,True,ok,,,,,,6.0,,0,0,1.15,21.87,,,,,,,,,
kitti360-0000_3400_3600,kitti360,static,True,ok,0.0,1.0,1.0,0.0,0.018,6.0,6.0,0,0,1.15,21.87,30.0,30.0,141346.0,0.0,0.0,0.0,0.0,443046.0,426317.0
kitti360-0000_3400_3600,kitti360,cutin,False,offroad,1.0,0.793,0.267,1045.0,0.035,6.0,5.0,0,0,1.15,21.87,,,,,,,,,
kitti360-0000_3400_3600,kitti360,oncoming,True,ok,0.0,1.0,1.0,0.0,0.038,6.0,4.55,0,0,1.15,21.87,23.0,23.0,42483.0,0.0,0.0,83.0,83.0,129455.0,126741.0
kitti360-0000_3400_3600,kitti360,null,False,offroad,1.0,0.639,0.267,1045.0,0.036,6.0,,0,0,1.15,21.87,,,,,,,,,
kitti360-0000_3600_3800,kitti360,minus,True,ok,,,,,,6.0,,0,0,0.95,20.5,,,,,,,,,
kitti360-0000_3600_3800,kitti360,static,True,ok,0.0,1.0,1.0,0.0,0.037,6.0,6.0,0,0,0.95,20.5,30.0,30.0,157366.0,0.0,0.0,0.0,0.0,461570.0,460670.0
kitti360-0000_3600_3800,kitti360,cutin,False,obstacle,-1.0,0.921,0.4,1262.0,0.009,6.0,4.85,0,0,0.95,20.5,,,,,,,,,
kitti360-0000_3600_3800,kitti360,oncoming,True,ok,0.0,1.0,1.0,0.0,0.042,6.0,4.65,0,0,0.95,20.5,24.0,24.0,90118.0,0.0,0.0,460.0,131.0,87647.0,87187.0
kitti360-0000_3600_3800,kitti360,null,False,offroad,-1.0,0.634,0.333,1292.0,-0.018,6.0,,0,0,0.95,20.5,,,,,,,,,
kitti360-0000_4480_4680,kitti360,minus,True,ok,,,,,,6.0,,0,0,1.32,13.45,,,,,,,,,
kitti360-0000_4480_4680,kitti360,static,True,ok,0.0,1.0,1.0,0.0,0.109,6.0,6.0,0,0,1.32,13.45,30.0,30.0,179174.0,0.0,0.0,5924.0,327.0,372433.0,371568.0
kitti360-0000_4480_4680,kitti360,cutin,False,obstacle,-1.0,0.975,0.6,4929.0,0.045,6.0,4.55,0,0,1.32,13.45,,,,,,,,,
kitti360-0000_4480_4680,kitti360,oncoming,False,obstacle,0.0,1.0,1.0,195.0,0.068,6.0,4.55,0,0,1.32,13.45,,,,,,,,,
kitti360-0000_4480_4680,kitti360,null,False,obstacle,-1.0,0.923,0.6,4929.0,0.022,6.0,,0,0,1.32,13.45,,,,,,,,,
kitti360-0000_5240_5440,kitti360,minus,True,ok,,,,,,6.0,,0,0,1.29,19.52,,,,,,,,,
kitti360-0000_5240_5440,kitti360,static,True,ok,0.0,1.0,1.0,0.0,0.06,6.0,6.0,0,0,1.29,19.52,30.0,30.0,247155.0,0.0,0.0,877.0,731.0,1048133.0,1042051.0
kitti360-0000_5240_5440,kitti360,cutin,False,offroad,1.0,0.699,0.2,3032.0,0.039,6.0,4.4,0,0,1.29,19.52,,,,,,,,,
kitti360-0000_5240_5440,kitti360,oncoming,True,ok,0.0,1.0,1.0,0.0,0.037,6.0,4.6,0,0,1.29,19.52,23.0,23.0,66557.0,0.0,0.0,661.0,570.0,156351.0,155895.0
kitti360-0000_5240_5440,kitti360,null,False,offroad,1.0,0.422,0.2,3032.0,0.03,6.0,,0,0,1.29,19.52,,,,,,,,,
kitti360-0000_570_770,kitti360,minus,True,ok,,,,,,6.0,,0,0,1.08,12.95,,,,,,,,,
kitti360-0000_570_770,kitti360,static,True,ok,0.0,1.0,1.0,0.0,0.071,6.0,6.0,0,0,1.08,12.95,30.0,30.0,167637.0,0.0,0.0,0.0,0.0,343667.0,343113.0
kitti360-0000_570_770,kitti360,cutin,False,offroad,1.0,0.768,0.333,424.0,0.016,6.0,5.2,0,0,1.08,12.95,,,,,,,,,
kitti360-0000_570_770,kitti360,oncoming,False,offroad,0.0,0.828,0.2,1625.0,0.02,6.0,5.35,0,0,1.08,12.95,,,,,,,,,
kitti360-0000_570_770,kitti360,null,False,offroad,1.0,0.632,0.2,424.0,0.003,6.0,,0,0,1.08,12.95,,,,,,,,,
kitti360-0000_5980_6180,kitti360,minus,True,ok,,,,,,6.0,,0,0,1.29,21.63,,,,,,,,,
kitti360-0000_5980_6180,kitti360,static,True,ok,0.0,1.0,1.0,0.0,0.03,6.0,5.95,0,0,1.29,21.63,30.0,30.0,253178.0,0.0,0.0,75.0,11.0,448317.0,446682.0
kitti360-0000_5980_6180,kitti360,cutin,False,obstacle,1.0,0.797,0.467,933.0,0.046,6.0,4.95,0,0,1.29,21.63,,,,,,,,,
kitti360-0000_5980_6180,kitti360,oncoming,True,ok,0.0,1.0,1.0,0.0,0.011,6.0,5.0,0,0,1.29,21.63,25.0,14.0,155690.0,0.0,0.0,40702.0,1650.0,365611.0,363512.0
kitti360-0000_5980_6180,kitti360,null,False,offroad,1.0,0.493,0.067,933.0,0.004,6.0,,0,0,1.29,21.63,,,,,,,,,
kitti360-0000_6180_6380,kitti360,minus,True,ok,,,,,,6.0,,0,0,1.01,24.35,,,,,,,,,
kitti360-0000_6180_6380,kitti360,static,True,ok,0.0,1.0,1.0,0.0,-0.035,6.0,6.0,0,0,1.01,24.35,30.0,30.0,115835.0,103503.0,496.0,249.0,159.0,946352.0,930670.0
kitti360-0000_6180_6380,kitti360,cutin,False,offroad,-1.0,0.708,0.333,3322.0,-0.009,6.0,4.6,0,0,1.01,24.35,,,,,,,,,
kitti360-0000_6180_6380,kitti360,oncoming,True,ok,0.0,1.0,1.0,0.0,-0.01,6.0,4.9,0,0,1.01,24.35,25.0,25.0,111521.0,40.0,0.0,419.0,320.0,322515.0,319662.0
kitti360-0000_6180_6380,kitti360,null,False,offroad,-1.0,0.536,0.333,4475.0,0.006,6.0,,0,0,1.01,24.35,,,,,,,,,
kitti360-0000_6380_6580,kitti360,minus,True,ok,,,,,,6.0,,0,0,1.75,27.99,,,,,,,,,
kitti360-0000_6380_6580,kitti360,static,True,ok,0.0,1.0,1.0,0.0,-0.022,6.0,6.0,0,0,1.75,27.99,30.0,30.0,152260.0,0.0,0.0,29.0,21.0,504101.0,500482.0
kitti360-0000_6380_6580,kitti360,cutin,False,obstacle,-1.0,0.793,0.4,1394.0,0.004,6.0,4.85,0,0,1.75,27.99,,,,,,,,,
kitti360-0000_6380_6580,kitti360,oncoming,True,ok,0.0,1.0,1.0,0.0,-0.004,6.0,4.7,0,0,1.75,27.99,24.0,24.0,89706.0,0.0,0.0,16.0,9.0,229646.0,226661.0
kitti360-0000_6380_6580,kitti360,null,False,offroad,1.0,0.694,0.333,928.0,-0.021,6.0,,0,0,1.75,27.99,,,,,,,,,
kitti360-0000_6580_6780,kitti360,minus,True,ok,,,,,,6.0,,0,0,2.07,28.44,,,,,,,,,
kitti360-0000_6580_6780,kitti360,static,True,ok,0.0,1.0,1.0,0.0,0.106,6.0,6.0,0,0,2.07,28.44,30.0,30.0,117632.0,0.0,0.0,191.0,159.0,248724.0,247722.0
kitti360-0000_6580_6780,kitti360,cutin,False,obstacle,-1.0,0.821,0.6,3197.0,0.074,6.0,4.45,0,0,2.07,28.44,,,,,,,,,
kitti360-0000_6580_6780,kitti360,oncoming,True,ok,0.0,1.0,1.0,0.0,0.095,6.0,4.9,0,0,2.07,28.44,25.0,25.0,80282.0,0.0,0.0,506.0,388.0,155673.0,151097.0
kitti360-0000_6580_6780,kitti360,null,False,obstacle,-1.0,0.744,0.6,3197.0,0.058,6.0,,0,0,2.07,28.44,,,,,,,,,
kitti360-0000_770_970,kitti360,minus,True,ok,,,,,,6.0,,0,0,1.22,19.19,,,,,,,,,
kitti360-0000_770_970,kitti360,static,True,ok,0.0,1.0,1.0,0.0,0.036,6.0,6.0,0,0,1.22,19.19,30.0,30.0,169124.0,2316.0,0.0,1.0,1.0,1006613.0,993695.0
kitti360-0000_770_970,kitti360,cutin,False,obstacle,-1.0,0.891,0.667,1197.0,0.018,6.0,4.8,0,0,1.22,19.19,,,,,,,,,
kitti360-0000_770_970,kitti360,oncoming,True,ok,0.0,1.0,1.0,91.0,0.036,6.0,4.8,0,0,1.22,19.19,24.0,24.0,61343.0,272.0,99.0,168.0,98.0,418735.0,391948.0
kitti360-0000_770_970,kitti360,null,False,obstacle,-1.0,0.864,0.6,1529.0,0.027,6.0,,0,0,1.22,19.19,,,,,,,,,
kitti360-0000_8240_8440,kitti360,minus,True,ok,,,,,,6.0,,0,0,1.14,20.91,,,,,,,,,
kitti360-0000_8240_8440,kitti360,static,True,ok,0.0,1.0,1.0,0.0,0.007,6.0,6.0,0,0,1.14,20.91,30.0,24.0,120489.0,0.0,0.0,4442.0,124.0,246197.0,241584.0
kitti360-0000_8240_8440,kitti360,cutin,False,obstacle,-1.0,0.93,0.6,3896.0,0.013,6.0,5.4,0,0,1.14,20.91,,,,,,,,,
kitti360-0000_8240_8440,kitti360,oncoming,True,ok,0.0,1.0,1.0,0.0,0.009,6.0,4.75,0,0,1.14,20.91,24.0,21.0,75439.0,0.0,0.0,3050.0,122.0,241987.0,204109.0
kitti360-0000_8240_8440,kitti360,null,False,obstacle,-1.0,0.912,0.6,3896.0,0.015,6.0,,0,0,1.14,20.91,,,,,,,,,
kitti360-0000_8440_8640,kitti360,minus,True,ok,,,,,,6.0,,0,0,1.15,18.18,,,,,,,,,
kitti360-0000_8440_8640,kitti360,static,True,ok,0.0,1.0,1.0,0.0,0.074,6.0,6.0,0,0,1.15,18.18,30.0,24.0,109991.0,0.0,0.0,5142.0,162.0,328125.0,302875.0
kitti360-0000_8440_8640,kitti360,cutin,False,obstacle,-1.0,0.824,0.533,2372.0,0.054,6.0,4.85,0,0,1.15,18.18,,,,,,,,,
kitti360-0000_8440_8640,kitti360,oncoming,True,ok,0.0,1.0,1.0,0.0,0.08,6.0,4.8,0,0,1.15,18.18,24.0,15.0,46752.0,670.0,72.0,4355.0,105.0,434051.0,424893.0
kitti360-0000_8440_8640,kitti360,null,False,obstacle,-1.0,0.848,0.533,2111.0,0.074,6.0,,0,0,1.15,18.18,,,,,,,,,
kitti360-0000_8880_9072,kitti360,minus,True,ok,,,,,,6.0,,0,0,1.4,11.21,,,,,,,,,
kitti360-0000_8880_9072,kitti360,static,True,ok,0.0,1.0,1.0,0.0,-0.024,6.0,6.0,0,0,1.4,11.21,30.0,22.0,146057.0,0.0,0.0,14449.0,1053.0,502364.0,498075.0
kitti360-0000_8880_9072,kitti360,cutin,False,offroad,-1.0,0.853,0.333,11242.0,-0.033,6.0,4.9,0,0,1.4,11.21,,,,,,,,,
kitti360-0000_8880_9072,kitti360,oncoming,False,obstacle,0.0,1.0,1.0,458.0,-0.037,6.0,4.8,0,0,1.4,11.21,,,,,,,,,
kitti360-0000_8880_9072,kitti360,null,False,offroad,1.0,0.701,0.333,2221.0,-0.058,6.0,,0,0,1.4,11.21,,,,,,,,,
kitti360-0000_9540_9720,kitti360,minus,True,ok,,,,,,6.0,,0,0,3.07,27.5,,,,,,,,,
kitti360-0000_9540_9720,kitti360,static,True,ok,0.0,1.0,1.0,0.0,-0.016,6.0,6.0,0,0,3.07,27.5,30.0,30.0,126050.0,143.0,0.0,0.0,0.0,365679.0,364340.0
kitti360-0000_9540_9720,kitti360,cutin,False,offroad,-1.0,0.686,0.467,17155.0,0.001,6.0,3.85,0,0,3.07,27.5,,,,,,,,,
kitti360-0000_9540_9720,kitti360,oncoming,True,ok,0.0,1.0,1.0,1.0,-0.005,6.0,4.75,0,0,3.07,27.5,24.0,24.0,65250.0,0.0,0.0,3.0,0.0,164953.0,164198.0
kitti360-0000_9540_9720,kitti360,null,False,offroad,-1.0,0.661,0.467,17155.0,0.006,6.0,,0,0,3.07,27.5,,,,,,,,,
nuscenes-scene-0010,nuscenes,minus,True,ok,,,,,,6.0,,0,0,2.9,30.97,,,,,,,,,
nuscenes-scene-0010,nuscenes,static,True,ok,0.0,1.0,1.0,0.0,-0.012,6.0,6.0,0,0,2.9,30.97,30.0,30.0,135576.0,0.0,0.0,0.0,0.0,851913.0,832649.0
nuscenes-scene-0010,nuscenes,cutin,True,ok,1.0,1.0,1.0,5.0,0.016,6.0,3.65,0,0,2.9,30.97,19.0,19.0,3173175.0,0.0,0.0,0.0,0.0,5812435.0,5723435.0
nuscenes-scene-0010,nuscenes,oncoming,True,ok,0.0,1.0,1.0,0.0,0.014,6.0,4.85,0,0,2.9,30.97,25.0,25.0,143498.0,0.0,0.0,31.0,27.0,501275.0,489964.0
nuscenes-scene-0010,nuscenes,null,False,obstacle,1.0,1.0,1.0,3657.0,-0.019,6.0,,0,0,2.9,30.97,,,,,,,,,
nuscenes-scene-0013,nuscenes,minus,True,ok,,,,,,6.0,,0,0,2.33,38.41,,,,,,,,,
nuscenes-scene-0013,nuscenes,static,True,ok,0.0,1.0,1.0,0.0,-0.038,6.0,6.0,0,0,2.33,38.41,30.0,30.0,232186.0,0.0,0.0,0.0,0.0,1432512.0,1417129.0
nuscenes-scene-0013,nuscenes,cutin,True,ok,-1.0,0.999,0.933,1.0,-0.024,6.0,5.0,0,0,2.33,38.41,25.0,25.0,983821.0,0.0,0.0,0.0,0.0,1512167.0,1485521.0
nuscenes-scene-0013,nuscenes,oncoming,True,ok,0.0,1.0,1.0,0.0,-0.007,6.0,4.7,0,0,2.33,38.41,24.0,24.0,160260.0,33.0,0.0,23.0,7.0,858347.0,838496.0
nuscenes-scene-0013,nuscenes,null,True,ok,-1.0,0.999,0.933,33.0,-0.024,6.0,,0,0,2.33,38.41,36.0,36.0,615343.0,0.0,0.0,12.0,1.0,556388.0,540676.0
nuscenes-scene-0038,nuscenes,minus,True,ok,,,,,,6.0,,0,0,2.64,38.88,,,,,,,,,
nuscenes-scene-0038,nuscenes,static,True,ok,0.0,1.0,1.0,0.0,-0.046,6.0,6.0,0,0,2.64,38.88,30.0,30.0,148789.0,0.0,0.0,0.0,0.0,962667.0,929995.0
nuscenes-scene-0038,nuscenes,cutin,True,ok,-1.0,1.0,1.0,0.0,-0.004,6.0,4.45,0,0,2.64,38.88,23.0,23.0,923005.0,70.0,0.0,0.0,0.0,3262720.0,3079355.0
nuscenes-scene-0038,nuscenes,oncoming,True,ok,0.0,1.0,1.0,0.0,-0.014,6.0,4.85,0,0,2.64,38.88,25.0,25.0,123190.0,0.0,0.0,56.0,11.0,334550.0,331339.0
nuscenes-scene-0038,nuscenes,null,True,ok,-1.0,1.0,1.0,10.0,-0.011,6.0,,0,0,2.64,38.88,36.0,36.0,784663.0,0.0,0.0,0.0,0.0,723502.0,695710.0
nuscenes-scene-0041,nuscenes,minus,True,ok,,,,,,6.0,,0,0,2.28,23.32,,,,,,,,,
nuscenes-scene-0041,nuscenes,static,True,ok,0.0,1.0,1.0,0.0,-0.082,6.0,6.0,0,0,2.28,23.32,30.0,30.0,850829.0,27.0,0.0,4805.0,412.0,2646649.0,2566082.0
nuscenes-scene-0041,nuscenes,cutin,True,ok,-1.0,1.0,1.0,0.0,-0.046,6.0,4.85,0,0,2.28,23.32,25.0,25.0,1199929.0,21.0,0.0,0.0,0.0,4568431.0,4391389.0
nuscenes-scene-0041,nuscenes,oncoming,False,obstacle,0.0,1.0,1.0,144.0,-0.063,6.0,4.65,0,0,2.28,23.32,,,,,,,,,
nuscenes-scene-0041,nuscenes,null,False,obstacle,-1.0,1.0,1.0,202.0,-0.043,6.0,,0,0,2.28,23.32,,,,,,,,,
nuscenes-scene-0051,nuscenes,minus,True,ok,,,,,,6.0,,0,0,1.42,22.36,,,,,,,,,
nuscenes-scene-0051,nuscenes,static,True,ok,0.0,1.0,1.0,0.0,-0.072,6.0,6.0,0,0,1.42,22.36,30.0,30.0,131521.0,0.0,0.0,184.0,57.0,988333.0,974488.0
nuscenes-scene-0051,nuscenes,cutin,False,obstacle,1.0,0.995,0.933,1311.0,-0.04,6.0,5.35,0,0,1.42,22.36,,,,,,,,,
nuscenes-scene-0051,nuscenes,oncoming,True,ok,0.0,1.0,1.0,0.0,-0.02,6.0,4.85,0,0,1.42,22.36,25.0,23.0,121409.0,0.0,0.0,253.0,85.0,477894.0,446734.0
nuscenes-scene-0051,nuscenes,null,False,obstacle,-1.0,0.935,0.667,407.0,-0.049,6.0,,0,0,1.42,22.36,,,,,,,,,
nuscenes-scene-0062,nuscenes,minus,True,ok,,,,,,6.0,,0,0,1.12,37.86,,,,,,,,,
nuscenes-scene-0062,nuscenes,static,True,ok,0.0,1.0,1.0,0.0,-0.023,6.0,6.0,0,0,1.12,37.86,30.0,30.0,125189.0,0.0,0.0,0.0,0.0,802448.0,779789.0
nuscenes-scene-0062,nuscenes,cutin,True,ok,1.0,1.0,1.0,0.0,-0.012,6.0,5.05,0,0,1.12,37.86,26.0,26.0,778606.0,0.0,0.0,0.0,0.0,2910920.0,2842617.0
nuscenes-scene-0062,nuscenes,oncoming,True,ok,0.0,1.0,1.0,0.0,-0.014,6.0,4.65,0,0,1.12,37.86,24.0,24.0,156499.0,0.0,0.0,0.0,0.0,511918.0,491462.0
nuscenes-scene-0062,nuscenes,null,True,ok,1.0,1.0,1.0,0.0,-0.009,6.0,,0,0,1.12,37.86,36.0,36.0,631524.0,0.0,0.0,0.0,0.0,578293.0,543935.0
nuscenes-scene-0064,nuscenes,minus,True,ok,,,,,,6.0,,0,0,1.19,34.87,,,,,,,,,
nuscenes-scene-0064,nuscenes,static,True,ok,0.0,1.0,1.0,0.0,-0.001,6.0,6.0,0,0,1.19,34.87,30.0,30.0,178257.0,0.0,0.0,0.0,0.0,984370.0,965812.0
nuscenes-scene-0064,nuscenes,cutin,True,ok,1.0,1.0,1.0,0.0,0.019,6.0,4.85,0,0,1.19,34.87,25.0,25.0,817012.0,0.0,0.0,0.0,0.0,3796280.0,3747350.0
nuscenes-scene-0064,nuscenes,oncoming,True,ok,0.0,1.0,1.0,0.0,-0.002,6.0,4.45,0,0,1.19,34.87,23.0,23.0,103374.0,0.0,0.0,0.0,0.0,473833.0,436030.0
nuscenes-scene-0064,nuscenes,null,True,ok,1.0,1.0,1.0,0.0,0.008,6.0,,0,0,1.19,34.87,36.0,36.0,682932.0,0.0,0.0,0.0,0.0,610302.0,574284.0
nuscenes-scene-0071,nuscenes,minus,True,ok,,,,,,6.0,,0,0,1.14,36.01,,,,,,,,,
nuscenes-scene-0071,nuscenes,static,True,ok,0.0,1.0,1.0,0.0,-0.03,6.0,6.0,0,0,1.14,36.01,30.0,30.0,157439.0,0.0,0.0,140.0,128.0,1000029.0,986782.0
nuscenes-scene-0071,nuscenes,cutin,True,ok,1.0,1.0,1.0,31.0,-0.028,6.0,5.8,0,0,1.14,36.01,29.0,29.0,648945.0,0.0,0.0,14277.0,8578.0,2269311.0,2221865.0
nuscenes-scene-0071,nuscenes,oncoming,True,ok,0.0,1.0,1.0,0.0,-0.016,6.0,4.65,0,0,1.14,36.01,24.0,21.0,115742.0,17.0,0.0,2174.0,766.0,471648.0,437077.0
nuscenes-scene-0071,nuscenes,null,True,ok,1.0,1.0,1.0,37.0,-0.022,6.0,,0,0,1.14,36.01,36.0,36.0,714556.0,0.0,0.0,14283.0,8578.0,491959.0,459224.0
nuscenes-scene-0138,nuscenes,minus,True,ok,,,,,,6.0,,0,0,1.28,36.78,,,,,,,,,
nuscenes-scene-0138,nuscenes,static,True,ok,0.0,1.0,1.0,0.0,-0.08,6.0,6.0,0,0,1.28,36.78,30.0,30.0,159694.0,0.0,0.0,1088.0,424.0,1005126.0,991679.0
nuscenes-scene-0138,nuscenes,cutin,True,ok,-1.0,1.0,1.0,85.0,-0.075,6.0,6.45,0,0,1.28,36.78,33.0,33.0,794940.0,0.0,0.0,2181.0,151.0,1577172.0,1529136.0
nuscenes-scene-0138,nuscenes,oncoming,True,ok,0.0,1.0,1.0,0.0,-0.087,6.0,4.7,0,0,1.28,36.78,24.0,21.0,120634.0,0.0,0.0,4304.0,1462.0,471426.0,438131.0
nuscenes-scene-0138,nuscenes,null,True,ok,-1.0,1.0,1.0,85.0,-0.059,6.0,,0,0,1.28,36.78,36.0,36.0,648291.0,0.0,0.0,2420.0,300.0,558432.0,539844.0
nuscenes-scene-0166,nuscenes,minus,True,ok,,,,,,6.0,,0,0,1.11,31.93,,,,,,,,,
nuscenes-scene-0166,nuscenes,static,True,ok,0.0,1.0,1.0,0.0,-0.089,6.0,6.0,0,0,1.11,31.93,30.0,30.0,161304.0,0.0,0.0,0.0,0.0,1002145.0,973432.0
nuscenes-scene-0166,nuscenes,cutin,True,ok,1.0,1.0,1.0,0.0,-0.047,6.0,4.85,0,0,1.11,31.93,25.0,25.0,669823.0,0.0,0.0,0.0,0.0,2695990.0,2655040.0
nuscenes-scene-0166,nuscenes,oncoming,True,ok,0.0,1.0,1.0,0.0,-0.053,6.0,4.75,0,0,1.11,31.93,24.0,24.0,81858.0,0.0,0.0,0.0,0.0,336901.0,332962.0
nuscenes-scene-0166,nuscenes,null,False,obstacle,1.0,1.0,1.0,1091.0,-0.039,6.0,,0,0,1.11,31.93,,,,,,,,,
nuscenes-scene-0167,nuscenes,minus,True,ok,,,,,,6.0,,0,0,1.04,39.93,,,,,,,,,
nuscenes-scene-0167,nuscenes,static,True,ok,0.0,1.0,1.0,0.0,-0.026,6.0,6.0,0,0,1.04,39.93,30.0,30.0,116768.0,0.0,0.0,0.0,0.0,863790.0,851174.0
nuscenes-scene-0167,nuscenes,cutin,True,ok,1.0,1.0,1.0,0.0,-0.024,6.0,4.45,0,0,1.04,39.93,23.0,23.0,713897.0,0.0,0.0,0.0,0.0,3719332.0,3641222.0
nuscenes-scene-0167,nuscenes,oncoming,True,ok,0.0,1.0,1.0,0.0,-0.023,6.0,4.85,0,0,1.04,39.93,25.0,25.0,111991.0,0.0,0.0,0.0,0.0,463068.0,459655.0
nuscenes-scene-0167,nuscenes,null,True,ok,1.0,1.0,1.0,0.0,-0.028,6.0,,0,0,1.04,39.93,36.0,36.0,734155.0,0.0,0.0,0.0,0.0,598424.0,556591.0
nuscenes-scene-0254,nuscenes,minus,True,ok,,,,,,6.0,,0,0,0.97,37.15,,,,,,,,,
nuscenes-scene-0254,nuscenes,static,True,ok,0.0,1.0,1.0,0.0,-0.028,6.0,6.0,0,0,0.97,37.15,30.0,30.0,143885.0,0.0,0.0,0.0,0.0,911509.0,898099.0
nuscenes-scene-0254,nuscenes,cutin,True,ok,1.0,1.0,1.0,0.0,-0.026,6.0,4.85,0,0,0.97,37.15,25.0,25.0,872792.0,0.0,0.0,0.0,0.0,3752197.0,3513943.0
nuscenes-scene-0254,nuscenes,oncoming,True,ok,0.0,1.0,1.0,0.0,-0.015,6.0,4.85,0,0,0.97,37.15,25.0,25.0,163273.0,0.0,0.0,0.0,0.0,520766.0,517109.0
nuscenes-scene-0254,nuscenes,null,True,ok,1.0,1.0,1.0,0.0,-0.022,6.0,,0,0,0.97,37.15,36.0,36.0,659756.0,0.0,0.0,0.0,0.0,649988.0,552151.0
nuscenes-scene-0418,nuscenes,minus,True,ok,,,,,,6.0,,0,0,1.4,20.84,,,,,,,,,
nuscenes-scene-0418,nuscenes,static,True,ok,0.0,1.0,1.0,0.0,0.005,6.0,6.0,0,0,1.4,20.84,30.0,30.0,187564.0,143.0,0.0,0.0,0.0,912878.0,880964.0
nuscenes-scene-0418,nuscenes,cutin,False,obstacle,-1.0,0.976,0.8,378.0,0.011,6.0,5.75,0,0,1.4,20.84,,,,,,,,,
nuscenes-scene-0418,nuscenes,oncoming,True,ok,0.0,1.0,1.0,0.0,0.004,6.0,4.55,0,0,1.4,20.84,23.0,23.0,66180.0,0.0,0.0,153.0,98.0,234312.0,222357.0
nuscenes-scene-0418,nuscenes,null,False,obstacle,-1.0,0.972,0.8,315.0,0.017,6.0,,0,0,1.4,20.84,,,,,,,,,
nuscenes-scene-0528,nuscenes,minus,True,ok,,,,,,10.8,,0,0,1.1,31.35,,,,,,,,,
nuscenes-scene-0528,nuscenes,static,True,ok,0.0,1.0,1.0,0.0,0.027,10.8,10.8,0,0,1.1,31.35,30.0,30.0,186384.0,0.0,0.0,0.0,0.0,884030.0,855123.0
nuscenes-scene-0528,nuscenes,cutin,True,ok,1.0,1.0,1.0,0.0,-0.055,10.8,9.35,0,0,1.1,31.35,23.0,23.0,999145.0,0.0,0.0,0.0,0.0,1304533.0,1290979.0
nuscenes-scene-0528,nuscenes,oncoming,True,ok,0.0,1.0,1.0,0.0,-0.022,10.8,9.35,0,0,1.1,31.35,23.0,23.0,71008.0,0.0,0.0,0.0,0.0,274637.0,268332.0
nuscenes-scene-0528,nuscenes,null,True,ok,1.0,1.0,1.0,0.0,-0.04,10.8,,0,0,1.1,31.35,36.0,36.0,630547.0,0.0,0.0,1.0,1.0,424596.0,413535.0
nuscenes-scene-0661,nuscenes,minus,True,ok,,,,,,6.0,,0,0,1.41,26.61,,,,,,,,,
nuscenes-scene-0661,nuscenes,static,True,ok,0.0,1.0,1.0,0.0,0.004,6.0,6.0,0,0,1.41,26.61,30.0,30.0,197741.0,0.0,0.0,0.0,0.0,1554749.0,1514960.0
nuscenes-scene-0661,nuscenes,cutin,False,obstacle,1.0,1.0,1.0,474.0,0.006,6.0,5.3,0,0,1.41,26.61,,,,,,,,,
nuscenes-scene-0661,nuscenes,oncoming,True,ok,0.0,1.0,1.0,1.0,0.007,6.0,4.55,0,0,1.41,26.61,23.0,23.0,101338.0,0.0,0.0,21.0,6.0,618017.0,606003.0
nuscenes-scene-0661,nuscenes,null,True,ok,1.0,1.0,1.0,1.0,0.003,6.0,,0,0,1.41,26.61,36.0,36.0,878434.0,0.0,0.0,0.0,0.0,704958.0,628314.0
nuscenes-scene-0920,nuscenes,minus,True,ok,,,,,,8.8,,0,0,1.04,31.81,,,,,,,,,
nuscenes-scene-0920,nuscenes,static,True,ok,0.0,1.0,1.0,0.0,-0.151,8.8,8.8,0,0,1.04,31.81,30.0,30.0,289606.0,0.0,0.0,0.0,0.0,1825273.0,1792319.0
nuscenes-scene-0920,nuscenes,cutin,True,ok,-1.0,1.0,1.0,0.0,-0.086,8.8,7.7,0,0,1.04,31.81,25.0,25.0,1881843.0,93.0,0.0,0.0,0.0,2348106.0,2222112.0
nuscenes-scene-0920,nuscenes,oncoming,True,ok,0.0,1.0,1.0,9.0,-0.142,8.8,7.3,0,0,1.04,31.81,23.0,21.0,139374.0,0.0,0.0,906.0,875.0,649483.0,644206.0
nuscenes-scene-0920,nuscenes,null,True,ok,-1.0,1.0,1.0,0.0,-0.038,8.8,,0,0,1.04,31.81,36.0,36.0,1197042.0,0.0,0.0,0.0,0.0,317380.0,297253.0
nuscenes-scene-0930,nuscenes,minus,True,ok,,,,,,6.0,,0,0,1.22,34.15,,,,,,,,,
nuscenes-scene-0930,nuscenes,static,True,ok,0.0,1.0,1.0,0.0,0.066,6.0,6.0,0,0,1.22,34.15,30.0,30.0,283532.0,0.0,0.0,0.0,0.0,1594296.0,1570973.0
nuscenes-scene-0930,nuscenes,cutin,True,ok,-1.0,1.0,1.0,3.0,0.046,6.0,4.95,0,0,1.22,34.15,25.0,25.0,926636.0,20.0,0.0,0.0,0.0,2191708.0,2139439.0
nuscenes-scene-0930,nuscenes,oncoming,True,ok,0.0,1.0,1.0,0.0,0.034,6.0,4.45,0,0,1.22,34.15,23.0,23.0,140545.0,0.0,0.0,37.0,34.0,508089.0,491143.0
nuscenes-scene-0930,nuscenes,null,True,ok,-1.0,1.0,1.0,1.0,0.029,6.0,,0,0,1.22,34.15,36.0,36.0,569436.0,0.0,0.0,0.0,0.0,537423.0,501397.0
waymo-100613054308_0_200,waymo,minus,True,ok,,,,,,6.0,,0,0,1.41,34.51,,,,,,,,,
waymo-100613054308_0_200,waymo,static,True,ok,0.0,1.0,1.0,0.0,-0.126,6.0,6.0,0,0,1.41,34.51,30.0,30.0,313442.0,242.0,0.0,0.0,0.0,795366.0,772907.0
waymo-100613054308_0_200,waymo,cutin,True,ok,1.0,1.0,1.0,0.0,-0.068,6.0,4.65,0,0,1.41,34.51,24.0,24.0,996295.0,105.0,0.0,0.0,0.0,664418.0,641256.0
waymo-100613054308_0_200,waymo,oncoming,True,ok,0.0,1.0,1.0,0.0,-0.068,6.0,4.55,0,0,1.41,34.51,23.0,23.0,116552.0,0.0,0.0,0.0,0.0,180571.0,178629.0
waymo-100613054308_0_200,waymo,null,False,obstacle,1.0,1.0,1.0,618.0,-0.075,6.0,,0,0,1.41,34.51,,,,,,,,,
waymo-102751446607_0_200,waymo,minus,True,ok,,,,,,6.0,,0,0,0.98,42.11,,,,,,,,,
waymo-102751446607_0_200,waymo,static,True,ok,0.0,1.0,1.0,0.0,-0.017,6.0,6.0,0,0,0.98,42.11,30.0,30.0,141454.0,0.0,0.0,0.0,0.0,214477.0,208963.0
waymo-102751446607_0_200,waymo,cutin,True,ok,1.0,1.0,1.0,0.0,-0.033,6.0,4.95,0,0,0.98,42.11,25.0,25.0,792008.0,0.0,0.0,0.0,0.0,980874.0,919319.0
waymo-102751446607_0_200,waymo,oncoming,True,ok,0.0,1.0,1.0,0.0,-0.032,6.0,4.8,0,0,0.98,42.11,24.0,24.0,75495.0,0.0,0.0,0.0,0.0,118776.0,116938.0
waymo-102751446607_0_200,waymo,null,True,ok,1.0,1.0,1.0,0.0,-0.025,6.0,,0,0,0.98,42.11,36.0,36.0,897969.0,0.0,0.0,0.0,0.0,857584.0,792895.0
waymo-106762673266_0_200,waymo,minus,True,ok,,,,,,6.0,,0,0,0.93,46.79,,,,,,,,,
waymo-106762673266_0_200,waymo,static,True,ok,0.0,1.0,1.0,0.0,-0.026,6.0,6.0,0,0,0.93,46.79,30.0,30.0,156916.0,0.0,0.0,0.0,0.0,383618.0,370194.0
waymo-106762673266_0_200,waymo,cutin,True,ok,1.0,1.0,1.0,0.0,-0.019,6.0,4.7,0,0,0.93,46.79,24.0,24.0,668803.0,0.0,0.0,0.0,0.0,749713.0,710809.0
waymo-106762673266_0_200,waymo,oncoming,True,ok,0.0,1.0,1.0,0.0,-0.019,6.0,4.85,0,0,0.93,46.79,25.0,25.0,120871.0,0.0,0.0,0.0,0.0,247287.0,239074.0
waymo-106762673266_0_200,waymo,null,True,ok,1.0,1.0,1.0,0.0,-0.028,6.0,,0,0,0.93,46.79,36.0,36.0,756169.0,0.0,0.0,0.0,0.0,746675.0,682414.0
waymo-113792265837_0_200,waymo,minus,True,ok,,,,,,6.0,,0,0,1.2,50.52,,,,,,,,,
waymo-113792265837_0_200,waymo,static,True,ok,0.0,1.0,1.0,0.0,-0.064,6.0,6.0,0,0,1.2,50.52,30.0,30.0,125724.0,0.0,0.0,0.0,0.0,188346.0,183125.0
waymo-113792265837_0_200,waymo,cutin,True,ok,1.0,1.0,1.0,0.0,-0.012,6.0,4.9,0,0,1.2,50.52,25.0,25.0,763215.0,74.0,0.0,0.0,0.0,934536.0,888927.0
waymo-113792265837_0_200,waymo,oncoming,True,ok,0.0,1.0,1.0,0.0,-0.043,6.0,4.85,0,0,1.2,50.52,25.0,25.0,465919.0,4.0,0.0,0.0,0.0,1176997.0,1154722.0
waymo-113792265837_0_200,waymo,null,True,ok,1.0,1.0,1.0,0.0,-0.033,6.0,,0,0,1.2,50.52,36.0,36.0,868303.0,0.0,0.0,0.0,0.0,881640.0,811545.0
waymo-130854534658_0_200,waymo,minus,True,ok,,,,,,9.6,,0,0,0.95,30.86,,,,,,,,,
waymo-130854534658_0_200,waymo,static,True,ok,0.0,1.0,1.0,0.0,0.137,9.6,9.55,0,0,0.95,30.86,30.0,30.0,669299.0,0.0,0.0,0.0,0.0,1201491.0,1168882.0
waymo-130854534658_0_200,waymo,cutin,True,ok,1.0,1.0,1.0,4.0,-0.043,9.6,8.8,0,0,0.95,30.86,26.0,26.0,1382492.0,8897.0,0.0,0.0,0.0,743488.0,685286.0
waymo-130854534658_0_200,waymo,oncoming,True,ok,0.0,1.0,1.0,9.0,-0.002,9.6,8.1,0,0,0.95,30.86,23.0,22.0,196745.0,0.0,0.0,0.0,0.0,104407.0,102572.0
waymo-130854534658_0_200,waymo,null,False,offroad,1.0,0.955,0.333,1397.0,0.005,9.6,,0,0,0.95,30.86,,,,,,,,,
waymo-131421903137_0_200,waymo,minus,True,ok,,,,,,6.0,,0,0,1.0,44.44,,,,,,,,,
waymo-131421903137_0_200,waymo,static,True,ok,0.0,1.0,1.0,0.0,-0.112,6.0,6.0,0,0,1.0,44.44,30.0,30.0,315213.0,0.0,0.0,0.0,0.0,759427.0,746739.0
waymo-131421903137_0_200,waymo,cutin,True,ok,-1.0,1.0,1.0,0.0,-0.045,6.0,6.15,0,0,1.0,44.44,31.0,31.0,1016188.0,0.0,0.0,0.0,0.0,746268.0,704055.0
waymo-131421903137_0_200,waymo,oncoming,True,ok,0.0,1.0,1.0,0.0,-0.102,6.0,4.75,0,0,1.0,44.44,24.0,24.0,171385.0,0.0,0.0,1269.0,551.0,348967.0,343390.0
waymo-131421903137_0_200,waymo,null,True,ok,-1.0,1.0,1.0,0.0,-0.102,6.0,,0,0,1.0,44.44,36.0,36.0,836634.0,0.0,0.0,0.0,0.0,832906.0,776938.0
waymo-132384196576_0_200,waymo,minus,True,ok,,,,,,6.0,,0,0,1.22,26.81,,,,,,,,,
waymo-132384196576_0_200,waymo,static,True,ok,0.0,1.0,1.0,0.0,-0.039,6.0,6.0,0,0,1.22,26.81,30.0,30.0,154427.0,0.0,0.0,0.0,0.0,223053.0,217816.0
waymo-132384196576_0_200,waymo,cutin,False,obstacle,1.0,1.0,1.0,1176.0,-0.007,6.0,4.8,0,0,1.22,26.81,,,,,,,,,
waymo-132384196576_0_200,waymo,oncoming,True,ok,0.0,1.0,1.0,0.0,-0.015,6.0,4.9,0,0,1.22,26.81,25.0,25.0,113423.0,0.0,0.0,145.0,142.0,184494.0,180851.0
waymo-132384196576_0_200,waymo,null,False,obstacle,1.0,1.0,1.0,1176.0,0.014,6.0,,0,0,1.22,26.81,,,,,,,,,
waymo-140045460035_0_200,waymo,minus,True,ok,,,,,,6.0,,0,0,1.23,43.54,,,,,,,,,
waymo-140045460035_0_200,waymo,static,True,ok,0.0,1.0,1.0,0.0,-0.049,6.0,6.0,0,0,1.23,43.54,30.0,30.0,277279.0,0.0,0.0,0.0,0.0,427786.0,414876.0
waymo-140045460035_0_200,waymo,cutin,True,ok,1.0,1.0,1.0,0.0,-0.033,6.0,4.75,0,0,1.23,43.54,24.0,24.0,957114.0,0.0,0.0,0.0,0.0,1421549.0,1366294.0
waymo-140045460035_0_200,waymo,oncoming,True,ok,0.0,1.0,1.0,0.0,-0.035,6.0,4.45,0,0,1.23,43.54,23.0,23.0,121460.0,0.0,0.0,0.0,0.0,116379.0,114446.0
waymo-140045460035_0_200,waymo,null,True,ok,1.0,1.0,1.0,0.0,-0.01,6.0,,0,0,1.23,43.54,36.0,36.0,1012559.0,0.0,0.0,0.0,0.0,1011987.0,939723.0
waymo-144248042870_0_200,waymo,minus,True,ok,,,,,,6.0,,0,0,1.09,50.21,,,,,,,,,
waymo-144248042870_0_200,waymo,static,True,ok,0.0,1.0,1.0,0.0,-0.041,6.0,6.0,0,0,1.09,50.21,30.0,30.0,197480.0,0.0,0.0,0.0,0.0,371823.0,361156.0
waymo-144248042870_0_200,waymo,cutin,True,ok,1.0,1.0,1.0,0.0,-0.004,6.0,4.3,0,0,1.09,50.21,22.0,22.0,837706.0,0.0,0.0,0.0,0.0,713962.0,702365.0
waymo-144248042870_0_200,waymo,oncoming,True,ok,0.0,1.0,1.0,0.0,-0.018,6.0,4.95,0,0,1.09,50.21,25.0,25.0,108030.0,0.0,0.0,0.0,0.0,152269.0,148356.0
waymo-144248042870_0_200,waymo,null,True,ok,1.0,1.0,1.0,0.0,-0.005,6.0,,0,0,1.09,50.21,36.0,36.0,877242.0,0.0,0.0,0.0,0.0,557130.0,536485.0
waymo-148697329729_0_200,waymo,minus,True,ok,,,,,,6.0,,0,0,1.69,27.51,,,,,,,,,
waymo-148697329729_0_200,waymo,static,True,ok,0.0,1.0,1.0,0.0,-0.02,6.0,6.0,0,0,1.69,27.51,30.0,30.0,344498.0,0.0,0.0,0.0,0.0,1019587.0,961778.0
waymo-148697329729_0_200,waymo,cutin,False,obstacle,1.0,0.906,0.667,3232.0,-0.008,6.0,4.65,0,0,1.69,27.51,,,,,,,,,
waymo-148697329729_0_200,waymo,oncoming,True,ok,0.0,1.0,1.0,0.0,-0.011,6.0,4.6,0,0,1.69,27.51,23.0,23.0,101794.0,0.0,0.0,0.0,0.0,188968.0,187822.0
waymo-148697329729_0_200,waymo,null,False,obstacle,1.0,0.858,0.667,4729.0,-0.002,6.0,,0,0,1.69,27.51,,,,,,,,,
waymo-150623512729_0_200,waymo,minus,True,ok,,,,,,6.0,,0,0,1.0,45.49,,,,,,,,,
waymo-150623512729_0_200,waymo,static,True,ok,0.0,1.0,1.0,0.0,-0.049,6.0,6.0,0,0,1.0,45.49,30.0,30.0,189702.0,2046.0,0.0,0.0,0.0,326262.0,319152.0
waymo-150623512729_0_200,waymo,cutin,True,ok,1.0,1.0,1.0,10.0,-0.043,6.0,5.0,0,0,1.0,45.49,25.0,25.0,780806.0,0.0,0.0,0.0,0.0,1052672.0,995652.0
waymo-150623512729_0_200,waymo,oncoming,True,ok,0.0,1.0,1.0,0.0,-0.045,6.0,4.8,0,0,1.0,45.49,24.0,24.0,75684.0,0.0,0.0,0.0,0.0,120895.0,118838.0
waymo-150623512729_0_200,waymo,null,True,ok,1.0,1.0,1.0,10.0,-0.017,6.0,,0,0,1.0,45.49,36.0,36.0,886756.0,0.0,0.0,0.0,0.0,883023.0,813175.0
waymo-152217047339_0_200,waymo,minus,True,ok,,,,,,8.0,,0,0,1.33,28.89,,,,,,,,,
waymo-152217047339_0_200,waymo,static,True,ok,0.0,1.0,1.0,0.0,-0.013,8.0,8.0,0,0,1.33,28.89,30.0,30.0,346795.0,0.0,0.0,5994.0,67.0,401879.0,388501.0
waymo-152217047339_0_200,waymo,cutin,False,obstacle,1.0,0.997,0.8,1098.0,0.043,8.0,,0,0,1.33,28.89,,,,,,,,,
waymo-152217047339_0_200,waymo,oncoming,True,ok,0.0,1.0,1.0,0.0,-0.053,8.0,6.35,0,0,1.33,28.89,22.0,22.0,127821.0,0.0,0.0,8875.0,1517.0,179795.0,172873.0
waymo-152217047339_0_200,waymo,null,True,ok,1.0,1.0,1.0,8.0,-0.048,8.0,,0,0,1.33,28.89,36.0,36.0,844176.0,0.0,0.0,0.0,0.0,826559.0,796842.0
waymo-153658214717_0_200,waymo,minus,True,ok,,,,,,6.0,,0,0,1.42,22.06,,,,,,,,,
waymo-153658214717_0_200,waymo,static,True,ok,0.0,1.0,1.0,0.0,-0.067,6.0,6.0,0,0,1.42,22.06,30.0,30.0,254134.0,0.0,0.0,0.0,0.0,354953.0,331580.0
waymo-153658214717_0_200,waymo,cutin,False,obstacle,1.0,0.969,0.733,7856.0,-0.082,6.0,5.2,0,0,1.42,22.06,,,,,,,,,
waymo-153658214717_0_200,waymo,oncoming,True,ok,0.0,1.0,1.0,0.0,-0.038,6.0,4.6,0,0,1.42,22.06,23.0,23.0,112445.0,0.0,0.0,1018.0,172.0,200494.0,194173.0
waymo-153658214717_0_200,waymo,null,False,obstacle,1.0,0.972,0.8,7856.0,-0.034,6.0,,0,0,1.42,22.06,,,,,,,,,
waymo-163453191685_0_200,waymo,minus,True,ok,,,,,,6.0,,0,0,1.29,20.65,,,,,,,,,
waymo-163453191685_0_200,waymo,static,True,ok,0.0,1.0,1.0,0.0,0.052,6.0,6.0,0,0,1.29,20.65,30.0,30.0,331856.0,13.0,0.0,136.0,61.0,371705.0,367691.0
waymo-163453191685_0_200,waymo,cutin,False,obstacle,1.0,1.0,1.0,1277.0,-0.011,6.0,5.1,0,0,1.29,20.65,,,,,,,,,
waymo-163453191685_0_200,waymo,oncoming,True,ok,0.0,1.0,1.0,0.0,0.05,6.0,4.5,0,0,1.29,20.65,23.0,16.0,116171.0,0.0,0.0,0.0,0.0,129466.0,128665.0
waymo-163453191685_0_200,waymo,null,False,obstacle,1.0,1.0,1.0,2334.0,-0.002,6.0,,0,0,1.29,20.65,,,,,,,,,
waymo-164701907483_0_200,waymo,minus,True,ok,,,,,,6.0,,0,0,1.07,36.23,,,,,,,,,
waymo-164701907483_0_200,waymo,static,True,ok,0.0,1.0,1.0,0.0,-0.071,6.0,6.0,0,0,1.07,36.23,30.0,23.0,312844.0,0.0,0.0,24164.0,698.0,619156.0,600952.0
waymo-164701907483_0_200,waymo,cutin,True,ok,1.0,1.0,1.0,0.0,-0.07,6.0,5.6,0,0,1.07,36.23,28.0,28.0,1798607.0,0.0,0.0,0.0,0.0,2238478.0,2138793.0
waymo-164701907483_0_200,waymo,oncoming,True,ok,0.0,1.0,1.0,0.0,0.01,6.0,4.55,0,0,1.07,36.23,23.0,18.0,126503.0,0.0,0.0,13407.0,380.0,300986.0,292211.0
waymo-164701907483_0_200,waymo,null,True,ok,1.0,1.0,1.0,0.0,-0.024,6.0,,0,0,1.07,36.23,36.0,36.0,1174860.0,0.0,0.0,0.0,0.0,1145323.0,1052042.0
waymo-166085257829_0_200,waymo,minus,True,ok,,,,,,6.0,,0,0,2.47,24.39,,,,,,,,,
waymo-166085257829_0_200,waymo,static,True,ok,0.0,1.0,1.0,0.0,0.005,6.0,6.0,0,0,2.47,24.39,30.0,30.0,292508.0,0.0,0.0,0.0,0.0,527551.0,516229.0
waymo-166085257829_0_200,waymo,cutin,False,obstacle,1.0,0.999,0.933,4202.0,0.05,6.0,4.6,0,0,2.47,24.39,,,,,,,,,
waymo-166085257829_0_200,waymo,oncoming,True,ok,0.0,1.0,1.0,0.0,0.038,6.0,4.45,0,0,2.47,24.39,23.0,23.0,144141.0,0.0,0.0,0.0,0.0,233741.0,229546.0
waymo-166085257829_0_200,waymo,null,False,obstacle,1.0,1.0,0.933,4202.0,0.026,6.0,,0,0,2.47,24.39,,,,,,,,,
waymo-177619591943_0_200,waymo,minus,True,ok,,,,,,6.0,,0,0,1.07,30.86,,,,,,,,,
waymo-177619591943_0_200,waymo,static,True,ok,0.0,1.0,1.0,0.0,-0.036,6.0,6.0,0,0,1.07,30.86,30.0,30.0,232365.0,0.0,0.0,0.0,0.0,808889.0,794585.0
waymo-177619591943_0_200,waymo,cutin,True,ok,1.0,1.0,1.0,3.0,-0.04,6.0,4.65,0,0,1.07,30.86,24.0,24.0,735042.0,0.0,0.0,0.0,0.0,851870.0,821077.0
waymo-177619591943_0_200,waymo,oncoming,True,ok,0.0,1.0,1.0,0.0,-0.038,6.0,4.75,0,0,1.07,30.86,24.0,24.0,86545.0,0.0,0.0,0.0,0.0,126917.0,123797.0
waymo-177619591943_0_200,waymo,null,False,obstacle,1.0,1.0,1.0,915.0,-0.039,6.0,,0,0,1.07,30.86,,,,,,,,,
waymo-322492347634_0_200,waymo,minus,True,ok,,,,,,6.0,,0,0,1.47,26.95,,,,,,,,,
waymo-322492347634_0_200,waymo,static,True,ok,0.0,1.0,1.0,0.0,-0.05,6.0,6.0,0,0,1.47,26.95,30.0,30.0,265499.0,0.0,0.0,0.0,0.0,660658.0,649950.0
waymo-322492347634_0_200,waymo,cutin,False,obstacle,1.0,1.0,1.0,438.0,-0.087,6.0,4.45,0,0,1.47,26.95,,,,,,,,,
waymo-322492347634_0_200,waymo,oncoming,True,ok,0.0,1.0,1.0,0.0,-0.072,6.0,4.7,0,0,1.47,26.95,24.0,24.0,142889.0,0.0,0.0,86.0,11.0,257398.0,241364.0
waymo-322492347634_0_200,waymo,null,False,obstacle,1.0,1.0,1.0,799.0,-0.074,6.0,,0,0,1.47,26.95,,,,,,,,,
waymo-342571611546_0_200,waymo,minus,True,ok,,,,,,6.0,,0,0,1.1,19.81,,,,,,,,,
waymo-342571611546_0_200,waymo,static,True,ok,0.0,1.0,1.0,0.0,-0.002,6.0,6.0,0,0,1.1,19.81,30.0,30.0,237974.0,0.0,0.0,0.0,0.0,336829.0,321421.0
waymo-342571611546_0_200,waymo,cutin,False,obstacle,1.0,1.0,1.0,1296.0,-0.029,6.0,5.3,0,0,1.1,19.81,,,,,,,,,
waymo-342571611546_0_200,waymo,oncoming,True,ok,0.0,1.0,1.0,0.0,-0.093,6.0,4.55,0,0,1.1,19.81,23.0,23.0,125186.0,0.0,0.0,3229.0,624.0,576606.0,570742.0
waymo-342571611546_0_200,waymo,null,False,obstacle,1.0,1.0,1.0,1600.0,-0.035,6.0,,0,0,1.1,19.81,,,,,,,,,
waymo-398895700423_0_200,waymo,minus,True,ok,,,,,,6.0,,0,0,1.27,34.14,,,,,,,,,
waymo-398895700423_0_200,waymo,static,True,ok,0.0,1.0,1.0,0.0,-0.039,6.0,6.0,0,0,1.27,34.14,30.0,30.0,166665.0,0.0,0.0,0.0,0.0,252062.0,244366.0
waymo-398895700423_0_200,waymo,cutin,True,ok,1.0,1.0,1.0,0.0,-0.025,6.0,4.8,0,0,1.27,34.14,24.0,24.0,840137.0,0.0,0.0,0.0,0.0,1156010.0,1110468.0
waymo-398895700423_0_200,waymo,oncoming,True,ok,0.0,1.0,1.0,0.0,-0.035,6.0,4.8,0,0,1.27,34.14,24.0,24.0,83846.0,0.0,0.0,0.0,0.0,124135.0,122063.0
waymo-398895700423_0_200,waymo,null,True,ok,1.0,1.0,1.0,0.0,-0.025,6.0,,0,0,1.27,34.14,36.0,36.0,955668.0,0.0,0.0,0.0,0.0,949790.0,878345.0
waymo-881121006469_0_200,waymo,minus,True,ok,,,,,,6.0,,0,0,0.99,42.46,,,,,,,,,
waymo-881121006469_0_200,waymo,static,True,ok,0.0,1.0,1.0,0.0,-0.026,6.0,6.0,0,0,0.99,42.46,30.0,30.0,194271.0,0.0,0.0,0.0,0.0,285847.0,279662.0
waymo-881121006469_0_200,waymo,cutin,True,ok,1.0,1.0,1.0,0.0,-0.025,6.0,4.35,0,0,0.99,42.46,22.0,22.0,765179.0,0.0,0.0,0.0,0.0,1144083.0,1111411.0
waymo-881121006469_0_200,waymo,oncoming,True,ok,0.0,1.0,1.0,0.0,-0.034,6.0,4.55,0,0,0.99,42.46,23.0,23.0,81909.0,0.0,0.0,0.0,0.0,133361.0,131823.0
waymo-881121006469_0_200,waymo,null,True,ok,1.0,1.0,1.0,8.0,-0.017,6.0,,0,0,0.99,42.46,36.0,36.0,815764.0,0.0,0.0,0.0,0.0,799271.0,748536.0
waymo-938501362409_0_200,waymo,minus,True,ok,,,,,,6.0,,0,0,0.94,35.91,,,,,,,,,
waymo-938501362409_0_200,waymo,static,True,ok,0.0,1.0,1.0,0.0,-0.049,6.0,6.0,0,0,0.94,35.91,30.0,30.0,99350.0,0.0,0.0,0.0,0.0,155646.0,152794.0
waymo-938501362409_0_200,waymo,cutin,True,ok,-1.0,0.887,0.667,0.0,-0.07,6.0,4.6,0,0,0.94,35.91,23.0,23.0,890959.0,670.0,0.0,0.0,0.0,1692109.0,1652557.0
waymo-938501362409_0_200,waymo,oncoming,True,ok,0.0,1.0,1.0,0.0,-0.055,6.0,4.95,0,0,0.94,35.91,25.0,25.0,67770.0,0.0,0.0,0.0,0.0,118068.0,115893.0
waymo-938501362409_0_200,waymo,null,True,ok,-1.0,0.784,0.667,0.0,-0.068,6.0,,0,0,0.94,35.91,36.0,36.0,1121097.0,217.0,0.0,0.0,0.0,1045142.0,991877.0
