route_id,variant,preset,role,source_dir,start_frame,end_frame,duration_s,minimum_speed_mps
1773-speed6,baseline,carla,vendor,/data/runs/b2d/controller/development-v2-speed-diagnostic/1773/carla,404,415,0.5500000081956387,4.996923923492432
1773-speed6,baseline,carla,vendor,/data/runs/b2d/controller/development-v2-speed-diagnostic/1773/carla,427,437,0.5000000074505806,5.069204330444336
1773-speed6,baseline,carla,vendor,/data/runs/b2d/controller/development-v2-speed-diagnostic/1773/carla,449,459,0.5000000074505806,5.0190534591674805
1773-speed6,baseline,carla,vendor,/data/runs/b2d/controller/development-v2-speed-diagnostic/1773/carla,471,481,0.5000000074505806,5.061257362365723
1773-speed6,baseline,carla,vendor,/data/runs/b2d/controller/development-v2-speed-diagnostic/1773/carla,492,503,0.5500000081956387,5.039910793304443
1773-speed6,baseline,carla,vendor,/data/runs/b2d/controller/development-v2-speed-diagnostic/1773/carla,514,525,0.5500000081956387,4.959249496459961
1773-speed6,baseline,carla,vendor,/data/runs/b2d/controller/development-v2-speed-diagnostic/1773/carla,536,547,0.5500000081956387,5.044107913970947
1773-speed6,baseline,carla,vendor,/data/runs/b2d/controller/development-v2-speed-diagnostic/1773/carla,558,570,0.6000000089406967,5.002030849456787
1773-speed6,baseline,carla,vendor,/data/runs/b2d/controller/development-v2-speed-diagnostic/1773/carla,581,591,0.5000000074505806,4.992688179016113
1773-speed6,baseline,carla,vendor,/data/runs/b2d/controller/development-v2-speed-diagnostic/1773/carla,603,613,0.5000000074505806,4.996225833892822
1773-speed6,baseline,carla,vendor,/data/runs/b2d/controller/development-v2-speed-diagnostic/1773/carla,625,635,0.5000000074505806,5.0216383934021
1773-speed6,baseline,carla,vendor,/data/runs/b2d/controller/development-v2-speed-diagnostic/1773/carla,647,654,0.3500000052154064,5.012077331542969
1773-speed6,baseline,carla,vendor,/data/runs/b2d/controller/development-v2-speed-diagnostic/1773/carla,658,658,0.0,5.499603748321533
1773-speed6,baseline,carla,vendor,/data/runs/b2d/controller/development-v2-speed-diagnostic/1773/carla,670,681,0.5500000081956387,4.965223789215088
1773-speed6,baseline,carla,vendor,/data/runs/b2d/controller/development-v2-speed-diagnostic/1773/carla,693,704,0.5500000081956387,5.003100395202637
1773-speed6,baseline,carla,vendor,/data/runs/b2d/controller/development-v2-speed-diagnostic/1773/carla,716,726,0.5000000074505806,5.011263847351074
1773-speed6,baseline,carla,vendor,/data/runs/b2d/controller/development-v2-speed-diagnostic/1773/carla,738,748,0.5000000074505806,5.014560222625732
1773-speed6,baseline,carla,vendor,/data/runs/b2d/controller/development-v2-speed-diagnostic/1773/carla,759,770,0.5500000081956387,4.999932289123535
1773-speed6,baseline,carla,vendor,/data/runs/b2d/controller/development-v2-speed-diagnostic/1773/carla,782,787,0.2500000037252903,5.026716232299805
1773-speed6,baseline,pursuit,vendor,/data/runs/b2d/controller/development-v2-speed-diagnostic/1773/pursuit,1805,1815,0.5000000074505806,5.043366432189941
1773-speed6,baseline,pursuit,vendor,/data/runs/b2d/controller/development-v2-speed-diagnostic/1773/pursuit,1826,1836,0.5000000074505806,4.982702732086182
1773-speed6,baseline,pursuit,vendor,/data/runs/b2d/controller/development-v2-speed-diagnostic/1773/pursuit,1848,1858,0.5000000074505806,5.024768829345703
1773-speed6,baseline,pursuit,vendor,/data/runs/b2d/controller/development-v2-speed-diagnostic/1773/pursuit,1870,1880,0.5000000074505806,5.0174336433410645
1773-speed6,baseline,pursuit,vendor,/data/runs/b2d/controller/development-v2-speed-diagnostic/1773/pursuit,1892,1902,0.5000000074505806,5.029940128326416
1773-speed6,baseline,pursuit,vendor,/data/runs/b2d/controller/development-v2-speed-diagnostic/1773/pursuit,1913,1923,0.5000000074505806,4.990823745727539
1773-speed6,baseline,pursuit,vendor,/data/runs/b2d/controller/development-v2-speed-diagnostic/1773/pursuit,1935,1945,0.5000000074505806,5.027225971221924
1773-speed6,baseline,pursuit,vendor,/data/runs/b2d/controller/development-v2-speed-diagnostic/1773/pursuit,1957,1967,0.5000000074505806,5.002175331115723
1773-speed6,baseline,pursuit,vendor,/data/runs/b2d/controller/development-v2-speed-diagnostic/1773/pursuit,1979,1989,0.5000000074505806,5.030782222747803
1773-speed6,baseline,pursuit,vendor,/data/runs/b2d/controller/development-v2-speed-diagnostic/1773/pursuit,2001,2012,0.5500000081956387,4.980909824371338
1773-speed6,baseline,pursuit,vendor,/data/runs/b2d/controller/development-v2-speed-diagnostic/1773/pursuit,2023,2035,0.6000000089406967,5.010229587554932
1773-speed6,baseline,pursuit,vendor,/data/runs/b2d/controller/development-v2-speed-diagnostic/1773/pursuit,2046,2057,0.5500000081956387,5.008019924163818
1773-speed6,baseline,pursuit,vendor,/data/runs/b2d/controller/development-v2-speed-diagnostic/1773/pursuit,2068,2080,0.6000000089406967,5.014770030975342
1773-speed6,baseline,pursuit,vendor,/data/runs/b2d/controller/development-v2-speed-diagnostic/1773/pursuit,2092,2103,0.5500000081956387,4.998212814331055
1773-speed6,baseline,pursuit,vendor,/data/runs/b2d/controller/development-v2-speed-diagnostic/1773/pursuit,2114,2125,0.5500000081956387,5.0142035484313965
1773-speed6,baseline,pursuit,vendor,/data/runs/b2d/controller/development-v2-speed-diagnostic/1773/pursuit,2133,2151,0.9000000134110451,3.829786539077759
1773-speed6,baseline,pursuit,vendor,/data/runs/b2d/controller/development-v2-speed-diagnostic/1773/pursuit,2163,2173,0.5000000074505806,5.021202087402344
1773-speed6,baseline,pursuit,vendor,/data/runs/b2d/controller/development-v2-speed-diagnostic/1773/pursuit,2185,2189,0.20000000298023224,4.9936723709106445
17563,baseline,carla,vendor,/data/runs/b2d/controller/development-v2/17563/baseline/carla,2762,2772,0.5000000074505806,5.000497341156006
17563,baseline,carla,vendor,/data/runs/b2d/controller/development-v2/17563/baseline/carla,2783,2793,0.5000000074505806,5.0283379554748535
17563,baseline,carla,vendor,/data/runs/b2d/controller/development-v2/17563/baseline/carla,2805,2815,0.5000000074505806,5.028079032897949
17563,baseline,carla,vendor,/data/runs/b2d/controller/development-v2/17563/baseline/carla,2826,2837,0.5500000081956387,5.017771244049072
17563,baseline,carla,vendor,/data/runs/b2d/controller/development-v2/17563/baseline/carla,2848,2859,0.5500000081956387,5.004572868347168
17563,baseline,carla,vendor,/data/runs/b2d/controller/development-v2/17563/baseline/carla,2871,2881,0.5000000074505806,5.03402042388916
17563,baseline,carla,vendor,/data/runs/b2d/controller/development-v2/17563/baseline/carla,2893,2904,0.5500000081956387,4.999600410461426
17563,baseline,carla,vendor,/data/runs/b2d/controller/development-v2/17563/baseline/carla,2915,2925,0.5000000074505806,4.984331130981445
17563,baseline,carla,vendor,/data/runs/b2d/controller/development-v2/17563/baseline/carla,2937,2947,0.5000000074505806,5.029288291931152
17563,baseline,carla,vendor,/data/runs/b2d/controller/development-v2/17563/baseline/carla,2959,2970,0.5500000081956387,4.9785542488098145
17563,baseline,carla,vendor,/data/runs/b2d/controller/development-v2/17563/baseline/carla,2982,2993,0.5500000081956387,4.982660293579102
17563,baseline,carla,vendor,/data/runs/b2d/controller/development-v2/17563/baseline/carla,3004,3014,0.5000000074505806,5.016880989074707
17563,baseline,carla,vendor,/data/runs/b2d/controller/development-v2/17563/baseline/carla,3026,3036,0.5000000074505806,5.00967264175415
17563,baseline,carla,vendor,/data/runs/b2d/controller/development-v2/17563/baseline/carla,3048,3059,0.5500000081956387,4.964620113372803
17563,baseline,carla,vendor,/data/runs/b2d/controller/development-v2/17563/baseline/carla,3070,3079,0.45000000670552254,4.997720241546631
17563,baseline,carla,gear_replicate,/data/runs/b2d/controller/development-v2-speed-diagnostic/17563/carla,2519,2529,0.5000000074505806,5.0050835609436035
17563,baseline,carla,gear_replicate,/data/runs/b2d/controller/development-v2-speed-diagnostic/17563/carla,2540,2550,0.5000000074505806,5.025692462921143
17563,baseline,carla,gear_replicate,/data/runs/b2d/controller/development-v2-speed-diagnostic/17563/carla,2562,2572,0.5000000074505806,4.994035720825195
17563,baseline,carla,gear_replicate,/data/runs/b2d/controller/development-v2-speed-diagnostic/17563/carla,2584,2594,0.5000000074505806,5.058170318603516
17563,baseline,carla,gear_replicate,/data/runs/b2d/controller/development-v2-speed-diagnostic/17563/carla,2605,2612,0.3500000052154064,5.013253688812256
17563,baseline,carla,gear_replicate,/data/runs/b2d/controller/development-v2-speed-diagnostic/17563/carla,2628,2639,0.5500000081956387,4.991532325744629
17563,baseline,carla,gear_replicate,/data/runs/b2d/controller/development-v2-speed-diagnostic/17563/carla,2651,2662,0.5500000081956387,4.993277549743652
17563,baseline,carla,gear_replicate,/data/runs/b2d/controller/development-v2-speed-diagnostic/17563/carla,2673,2683,0.5000000074505806,5.049841403961182
17563,baseline,carla,gear_replicate,/data/runs/b2d/controller/development-v2-speed-diagnostic/17563/carla,2695,2705,0.5000000074505806,5.018280982971191
17563,baseline,carla,gear_replicate,/data/runs/b2d/controller/development-v2-speed-diagnostic/17563/carla,2717,2727,0.5000000074505806,4.984966278076172
17563,baseline,carla,gear_replicate,/data/runs/b2d/controller/development-v2-speed-diagnostic/17563/carla,2739,2750,0.5500000081956387,4.989899635314941
17563,baseline,carla,gear_replicate,/data/runs/b2d/controller/development-v2-speed-diagnostic/17563/carla,2761,2772,0.5500000081956387,5.006882190704346
17563,baseline,carla,gear_replicate,/data/runs/b2d/controller/development-v2-speed-diagnostic/17563/carla,2783,2793,0.5000000074505806,5.041912078857422
17563,baseline,carla,gear_replicate,/data/runs/b2d/controller/development-v2-speed-diagnostic/17563/carla,2805,2815,0.5000000074505806,5.036672592163086
17563,baseline,carla,gear_replicate,/data/runs/b2d/controller/development-v2-speed-diagnostic/17563/carla,2827,2836,0.45000000670552254,4.990544319152832
17563,baseline,pursuit,vendor,/data/runs/b2d/controller/development-v2/17563/baseline/pursuit,4039,4049,0.5000000074505806,5.029526710510254
17563,baseline,pursuit,vendor,/data/runs/b2d/controller/development-v2/17563/baseline/pursuit,4061,4071,0.5000000074505806,4.998342514038086
17563,baseline,pursuit,vendor,/data/runs/b2d/controller/development-v2/17563/baseline/pursuit,4083,4094,0.5500000081956387,5.013864040374756
17563,baseline,pursuit,vendor,/data/runs/b2d/controller/development-v2/17563/baseline/pursuit,4105,4117,0.6000000089406967,5.001039028167725
17563,baseline,pursuit,vendor,/data/runs/b2d/controller/development-v2/17563/baseline/pursuit,4128,4138,0.5000000074505806,5.002315521240234
17563,baseline,pursuit,vendor,/data/runs/b2d/controller/development-v2/17563/baseline/pursuit,4150,4160,0.5000000074505806,5.010340213775635
17563,baseline,pursuit,vendor,/data/runs/b2d/controller/development-v2/17563/baseline/pursuit,4172,4183,0.5500000081956387,4.995415687561035
17563,baseline,pursuit,vendor,/data/runs/b2d/controller/development-v2/17563/baseline/pursuit,4194,4204,0.5000000074505806,5.051522731781006
17563,baseline,pursuit,vendor,/data/runs/b2d/controller/development-v2/17563/baseline/pursuit,4216,4226,0.5000000074505806,5.02606725692749
17563,baseline,pursuit,vendor,/data/runs/b2d/controller/development-v2/17563/baseline/pursuit,4238,4248,0.5000000074505806,5.027755260467529
17563,baseline,pursuit,vendor,/data/runs/b2d/controller/development-v2/17563/baseline/pursuit,4259,4270,0.5500000081956387,5.000818252563477
17563,baseline,pursuit,vendor,/data/runs/b2d/controller/development-v2/17563/baseline/pursuit,4282,4292,0.5000000074505806,4.971563816070557
17563,baseline,pursuit,vendor,/data/runs/b2d/controller/development-v2/17563/baseline/pursuit,4304,4314,0.5000000074505806,4.966616630554199
17563,baseline,pursuit,vendor,/data/runs/b2d/controller/development-v2/17563/baseline/pursuit,4326,4336,0.5000000074505806,4.990808010101318
17563,baseline,pursuit,vendor,/data/runs/b2d/controller/development-v2/17563/baseline/pursuit,4348,4358,0.5000000074505806,4.999131202697754
17563,baseline,pursuit,gear_replicate,/data/runs/b2d/controller/development-v2-speed-diagnostic/17563/pursuit,3797,3807,0.5000000074505806,5.029526710510254
17563,baseline,pursuit,gear_replicate,/data/runs/b2d/controller/development-v2-speed-diagnostic/17563/pursuit,3819,3829,0.5000000074505806,4.998342514038086
17563,baseline,pursuit,gear_replicate,/data/runs/b2d/controller/development-v2-speed-diagnostic/17563/pursuit,3841,3852,0.5500000081956387,5.013864040374756
17563,baseline,pursuit,gear_replicate,/data/runs/b2d/controller/development-v2-speed-diagnostic/17563/pursuit,3863,3875,0.6000000089406967,5.004794597625732
17563,baseline,pursuit,gear_replicate,/data/runs/b2d/controller/development-v2-speed-diagnostic/17563/pursuit,3887,3897,0.5000000074505806,5.0357136726379395
17563,baseline,pursuit,gear_replicate,/data/runs/b2d/controller/development-v2-speed-diagnostic/17563/pursuit,3908,3919,0.5500000081956387,5.021934509277344
17563,baseline,pursuit,gear_replicate,/data/runs/b2d/controller/development-v2-speed-diagnostic/17563/pursuit,3931,3942,0.5500000081956387,5.000311851501465
17563,baseline,pursuit,gear_replicate,/data/runs/b2d/controller/development-v2-speed-diagnostic/17563/pursuit,3954,3964,0.5000000074505806,5.030957221984863
17563,baseline,pursuit,gear_replicate,/data/runs/b2d/controller/development-v2-speed-diagnostic/17563/pursuit,3975,3985,0.5000000074505806,4.992044448852539
17563,baseline,pursuit,gear_replicate,/data/runs/b2d/controller/development-v2-speed-diagnostic/17563/pursuit,3997,4007,0.5000000074505806,5.036807060241699
17563,baseline,pursuit,gear_replicate,/data/runs/b2d/controller/development-v2-speed-diagnostic/17563/pursuit,4015,4033,0.9000000134110451,4.073978900909424
17563,baseline,pursuit,gear_replicate,/data/runs/b2d/controller/development-v2-speed-diagnostic/17563/pursuit,4045,4056,0.5500000081956387,5.01576566696167
17563,baseline,pursuit,gear_replicate,/data/runs/b2d/controller/development-v2-speed-diagnostic/17563/pursuit,4068,4078,0.5000000074505806,5.040440559387207
17563,baseline,pursuit,gear_replicate,/data/runs/b2d/controller/development-v2-speed-diagnostic/17563/pursuit,4090,4100,0.5000000074505806,5.005804538726807
17563,max,pursuit,vendor,/data/runs/b2d/controller/development-v2/17563/max/pursuit,4681,4691,0.5000000074505806,5.009527683258057
17563,max,pursuit,vendor,/data/runs/b2d/controller/development-v2/17563/max/pursuit,4702,4713,0.5500000081956387,5.034069061279297
17563,max,pursuit,vendor,/data/runs/b2d/controller/development-v2/17563/max/pursuit,4725,4736,0.5500000081956387,4.982656955718994
17563,max,pursuit,vendor,/data/runs/b2d/controller/development-v2/17563/max/pursuit,4743,4762,0.9500000141561031,4.170090675354004
17563,max,pursuit,vendor,/data/runs/b2d/controller/development-v2/17563/max/pursuit,4773,4783,0.5000000074505806,5.001394271850586
17563,max,pursuit,vendor,/data/runs/b2d/controller/development-v2/17563/max/pursuit,4795,4805,0.5000000074505806,5.013669490814209
17563,max,pursuit,vendor,/data/runs/b2d/controller/development-v2/17563/max/pursuit,4817,4829,0.6000000089406967,4.989278316497803
17563,max,pursuit,vendor,/data/runs/b2d/controller/development-v2/17563/max/pursuit,4841,4851,0.5000000074505806,5.054478168487549
17563,max,pursuit,vendor,/data/runs/b2d/controller/development-v2/17563/max/pursuit,4862,4873,0.5500000081956387,5.011670112609863
17563,max,pursuit,vendor,/data/runs/b2d/controller/development-v2/17563/max/pursuit,4885,4895,0.5000000074505806,5.032802581787109
17563,max,pursuit,vendor,/data/runs/b2d/controller/development-v2/17563/max/pursuit,4906,4916,0.5000000074505806,4.9747724533081055
17563,max,pursuit,vendor,/data/runs/b2d/controller/development-v2/17563/max/pursuit,4926,4938,0.6000000089406967,4.949761390686035
17563,max,pursuit,vendor,/data/runs/b2d/controller/development-v2/17563/max/pursuit,4946,4965,0.9500000141561031,3.921448230743408
17563,max,pursuit,vendor,/data/runs/b2d/controller/development-v2/17563/max/pursuit,4976,4986,0.5000000074505806,5.042201519012451
17563,max,pursuit,vendor,/data/runs/b2d/controller/development-v2/17563/max/pursuit,4998,5007,0.45000000670552254,5.006782531738281
