level,route,seed,arm,ds,rc,official_status,ticks,pre_collision_ticks,moving_ticks,collision_step,moving_full_throttle_share,moving_full_brake_share,moving_full_pedal_share,full_pedal_flip_count,full_pedal_flips_per_min,speed_p95_mps,speed_max_mps,target_overshoot_gt2_share,target_undershoot_gt2_share,moving_target_zero_share,moving_target_zero_full_brake_share,target_jump_gt5_count,target_jump_gt5_per_min,stopped_after_2s_share,longest_standstill_after_2s_s,agent_ms_p95,vehicle_collisions,emergency_yield,outside_lane
1,2091,0,A,60.0,100.0,Completed,383,272,113,273,0.49557522123893805,0.37168141592920356,0.8672566371681416,26,114.70588235294117,6.80019811386277,7.760901514597522,0.23893805309734514,0.061946902654867256,0.20353982300884957,1.0,3,13.235294117647058,0.3948497854077253,2.1,123.44095844982803,1,0,0
1,2091,0,B,60.0,100.0,Completed,747,360,125,361,0.304,0.312,0.616,49,163.33333333333334,6.503938494254142,7.690245854984158,0.08,0.152,0.08,1.0,1,3.3333333333333335,0.24299065420560748,1.2000000000000002,126.79886000114493,1,0,0
1,2091,0,C,26.604,44.34,Failed - TickRuntime,4000,1876,111,1877,0.0,0.0,0.0,0,0.0,2.5803804519985465,6.717638136174257,0.3153153153153153,0.05405405405405406,0.2972972972972973,0.0,2,1.2793176972281448,0.884594447468699,27.85,145.9478275010042,1,0,0
1,2091,0,D,28.374,47.29,Failed - TickRuntime,4000,471,118,472,0.0,0.0,0.0,0,0.0,5.079625861279133,6.725830337956791,0.3135593220338983,0.06779661016949153,0.288135593220339,0.0,1,2.5477707006369426,0.5717592592592593,10.25,126.99546899602865,1,0,0
1,2091,1,A,60.0,100.0,Completed,3914,421,128,422,0.4609375,0.4140625,0.875,20,57.00712589073634,7.0442449018793685,8.333294972674087,0.3203125,0.1484375,0.2890625,1.0,4,11.401425178147269,0.6204188481675392,6.8500000000000005,126.2172990009276,1,0,0
1,2091,1,B,60.0,100.0,Completed,507,372,106,373,0.330188679245283,0.1320754716981132,0.46226415094339623,47,151.61290322580646,6.111395725275248,6.857845248059623,0.0,0.04716981132075472,0.0,,0,0.0,0.3123123123123123,1.75,125.07739690063318,1,0,0
1,2091,1,C,28.374,47.29,Failed - TickRuntime,4000,1321,128,1322,0.0,0.0,0.0,0,0.0,4.735878658384971,6.654926666844256,0.21875,0.1953125,0.203125,0.0,1,0.9084027252081757,0.8361934477379095,27.35,141.2688039999921,1,0,0
1,2091,1,D,60.0,100.0,Completed,1535,1179,137,1180,0.0,0.0,0.0,0,0.0,4.827566095120819,6.738406514009395,0.35036496350364965,0.1386861313868613,0.34306569343065696,0.0,2,2.035623409669211,0.8008771929824562,45.6,139.13965060492046,1,0,0
1,2091,2,A,100.0,100.0,Completed,393,392,229,,0.5502183406113537,0.33624454148471616,0.8864628820960698,34,104.0816326530612,8.937592737074302,10.527147234068517,0.27074235807860264,0.13100436681222707,0.2314410480349345,1.0,11,33.6734693877551,0.311614730878187,4.45,119.40818455059342,0,0,0
1,2091,2,B,23.94,39.9,Failed - TickRuntime,4000,368,116,369,0.22413793103448276,0.1724137931034483,0.39655172413793105,41,133.69565217391303,5.9740146126221205,6.991047714704105,0.07758620689655173,0.11206896551724138,0.0603448275862069,1.0,0,0.0,0.23404255319148937,1.1500000000000001,121.3702856497548,1,0,0
1,2091,2,C,60.0,100.0,Completed,733,506,136,507,0.0,0.0,0.0,0,0.0,5.201655871688196,6.793431107522654,0.27941176470588236,0.23529411764705882,0.25,0.0,2,4.743083003952569,0.5267665952890792,10.25,127.19298724914552,1,0,0
1,2091,2,D,60.0,100.0,Completed,606,465,118,466,0.0,0.0,0.0,0,0.0,5.093959433793894,6.744745602181315,0.3135593220338983,0.059322033898305086,0.2966101694915254,0.0,1,2.5806451612903225,0.57981220657277,12.05,125.58778159873326,1,0,0
1,3255,0,A,100.0,100.0,Completed,721,720,415,,0.5060240963855421,0.3180722891566265,0.8240963855421687,40,66.66666666666667,7.504783386636299,8.051869691488607,0.30843373493975906,0.0,0.30120481927710846,1.0,26,43.333333333333336,0.3744493392070485,8.3,180.1954532007585,0,0,0
1,3255,0,B,100.0,100.0,Completed,717,716,451,,0.1729490022172949,0.1197339246119734,0.2926829268292683,20,33.51955307262569,6.6282035208152195,7.12610682756974,0.10199556541019955,0.0,0.08869179600886919,0.525,6,10.055865921787708,0.2274741506646972,4.7,173.4152469998662,0,0,0
1,3255,0,C,100.0,100.0,Completed,717,716,402,,0.0,0.0,0.0,0,0.0,6.78654612393834,7.137515184363305,0.14427860696517414,0.0,0.12437810945273632,0.0,7,11.731843575418992,0.35745937961595275,7.300000000000001,171.11281174584292,0,0,0
1,3255,0,D,100.0,100.0,Completed,719,718,398,,0.0,0.0,0.0,0,0.0,6.802859351927588,7.055796639861643,0.12814070351758794,0.0,0.10301507537688442,0.0,4,6.685236768802229,0.3122238586156112,5.050000000000001,171.29738800504128,0,0,0
1,3255,1,A,100.0,100.0,Completed,724,723,408,,0.4411764705882353,0.27941176470588236,0.7205882352941176,44,73.02904564315354,7.054840323072872,7.953714196914131,0.2622549019607843,0.0,0.25245098039215685,1.0,30,49.79253112033196,0.3757309941520468,8.3,180.12638649852303,0,0,0
1,3255,1,B,50.0,100.0,Completed,1233,597,201,598,0.31343283582089554,0.19402985074626866,0.5074626865671642,13,26.13065326633166,6.694262600907903,7.170224002360117,0.13432835820895522,0.0,0.12437810945273632,0.64,5,10.050251256281408,0.6182795698924731,15.600000000000001,171.87653140281327,0,0,0
1,3255,1,C,100.0,100.0,Completed,719,718,400,,0.0,0.0025,0.0025,0,0.0,6.8158597160770436,7.083127344031477,0.1475,0.0,0.1225,0.02040816326530612,5,8.356545961002787,0.3019145802650957,4.9,173.04004419711418,0,0,0
1,3255,1,D,100.0,100.0,Completed,716,715,404,,0.0,0.017326732673267328,0.017326732673267328,0,0.0,6.79675249298184,7.0824269786971445,0.14356435643564355,0.0,0.12871287128712872,0.019230769230769232,5,8.391608391608392,0.2973372781065089,4.55,170.41625880010542,0,0,0
1,3255,2,A,100.0,100.0,Completed,725,724,404,,0.4282178217821782,0.2524752475247525,0.6806930693069307,35,58.0110497237569,7.028399298601631,8.08739459571642,0.2376237623762376,0.0,0.23267326732673269,1.0,28,46.40883977900552,0.4029197080291971,10.05,170.21110099904035,0,0,0
1,3255,2,B,50.0,100.0,Completed,3131,2619,191,2620,0.21465968586387435,0.11518324607329843,0.3298429319371728,16,7.331042382588774,5.334825031728584,7.024838986793775,0.06282722513089005,0.0,0.04712041884816754,0.2222222222222222,4,1.8327605956471935,0.9065891472868217,55.7,190.92709919859772,0,0,0
1,3255,2,C,100.0,100.0,Completed,721,720,407,,0.0,0.002457002457002457,0.002457002457002457,0,0.0,6.787405728605037,7.046442291124964,0.1375921375921376,0.0,0.12285012285012285,0.02,7,11.666666666666668,0.3524229074889868,8.15,173.3798810510052,0,0,0
1,3255,2,D,100.0,100.0,Completed,728,727,403,,0.0,0.0,0.0,0,0.0,6.80746194212757,7.073628020468229,0.14640198511166252,0.0,0.13647642679900746,0.0,5,8.253094910591471,0.3023255813953488,4.5,173.353882599622,0,0,0
1,3514,0,A,100.0,100.0,Completed,519,518,419,,0.548926014319809,0.3532219570405728,0.9021479713603818,42,97.29729729729729,7.889805170230188,8.145773772056014,0.34844868735083534,0.016706443914081145,0.3436754176610978,1.0,38,88.03088803088802,0.10020876826722339,2.4000000000000004,181.1053062489009,0,0,0
1,3514,0,B,89.404472,100.0,Completed,2355,2354,446,,0.15695067264573992,0.06502242152466367,0.2219730941704036,25,12.74426508071368,6.357496472726097,7.456024176578967,0.10538116591928251,0.042600896860986545,0.07623318385650224,0.4411764705882353,10,5.097706032285472,0.7801295896328294,55.35,194.69266929791047,0,0,1
1,3514,0,C,100.0,100.0,Completed,513,512,410,,0.0,0.0,0.0,0,0.0,6.7639639793665545,7.126871630188385,0.03902439024390244,0.03414634146341464,0.036585365853658534,0.0,4,9.375,0.10570824524312897,2.5,179.96782459849783,0,0,0
1,3514,0,D,100.0,100.0,Completed,514,513,409,,0.0,0.0,0.0,0,0.0,6.789943075615473,7.150281122338176,0.039119804400977995,0.029339853300733496,0.03667481662591687,0.0,3,7.017543859649122,0.10548523206751055,2.5,185.49171219929121,0,0,0
1,3514,1,A,100.0,100.0,Completed,520,519,420,,0.5523809523809524,0.3595238095238095,0.9119047619047619,42,97.10982658959536,7.880053986917497,8.157224986792597,0.3380952380952381,0.016666666666666666,0.3357142857142857,1.0,38,87.86127167630056,0.1,2.4000000000000004,177.45930989985925,0,0,0
1,3514,1,B,91.675022,100.0,Completed,2350,2349,442,,0.1515837104072398,0.05656108597285068,0.2081447963800905,31,15.836526181353767,6.377158367672123,7.911857984233994,0.14027149321266968,0.033936651583710405,0.11764705882352941,0.36538461538461536,10,5.108556832694764,0.7619047619047619,55.5,203.6782267983653,0,0,1
1,3514,1,C,100.0,100.0,Completed,512,511,409,,0.0,0.0,0.0,0,0.0,6.7745383686995195,7.229464142021718,0.039119804400977995,0.03178484107579462,0.034229828850855744,0.0,3,7.045009784735812,0.1059322033898305,2.5,175.49953400157392,0,0,0
1,3514,1,D,100.0,100.0,Completed,512,511,409,,0.0,0.0,0.0,0,0.0,6.808791062107732,7.175779290143057,0.039119804400977995,0.03178484107579462,0.039119804400977995,0.0,6,14.090019569471623,0.0847457627118644,2.0,176.7345389998809,0,0,0
1,3514,2,A,100.0,100.0,Completed,518,517,417,,0.5539568345323741,0.354916067146283,0.9088729016786571,42,97.48549323017407,7.881730289394234,8.160564233053767,0.3405275779376499,0.014388489208633094,0.3381294964028777,1.0,38,88.20116054158608,0.100418410041841,2.4000000000000004,182.79759899814962,0,0,0
1,3514,2,B,90.918173,100.0,Completed,2355,2354,438,,0.1461187214611872,0.0502283105022831,0.1963470319634703,36,18.351741716227696,6.304257805958957,7.902692882411623,0.1095890410958904,0.0319634703196347,0.0867579908675799,0.42105263157894735,7,3.56839422259983,0.7632829373650108,55.300000000000004,201.22914134972234,0,0,1
1,3514,2,C,100.0,100.0,Completed,513,512,409,,0.0,0.0,0.0,0,0.0,6.786825003447355,7.085764318120031,0.029339853300733496,0.029339853300733496,0.022004889975550123,0.0,2,4.6875,0.10570824524312897,2.5,181.48052019896568,0,0,0
1,3514,2,D,100.0,100.0,Completed,514,513,410,,0.0,0.0,0.0,0,0.0,6.798039978371898,7.121489753681841,0.03414634146341464,0.03170731707317073,0.03170731707317073,0.0,3,7.017543859649122,0.10759493670886076,2.5500000000000003,186.87177740212064,0,0,0
1,17569,0,A,100.0,100.0,Completed,439,438,331,,0.5166163141993958,0.31419939577039274,0.8308157099697885,31,84.93150684931506,8.94152508730841,9.232356865471848,0.283987915407855,0.19637462235649547,0.24169184290030213,1.0,17,46.575342465753415,0.10025062656641603,1.1,127.65037725021101,0,0,0
1,17569,0,B,60.0,100.0,Completed,506,397,280,398,0.3142857142857143,0.15714285714285714,0.4714285714285714,16,48.362720403022664,8.09062009870144,9.69303764942356,0.07142857142857142,0.3,0.06428571428571428,0.6666666666666666,5,15.113350125944583,0.20391061452513967,2.1,126.22660160050145,1,0,0
1,17569,0,C,100.0,100.0,Completed,647,646,347,,0.0,0.011527377521613832,0.011527377521613832,0,0.0,8.223329188101266,8.822434108623156,0.23054755043227665,0.12680115273775217,0.207492795389049,0.05555555555555555,2,3.7151702786377703,0.3014827018121911,9.1,130.025208751249,0,0,0
1,17569,0,D,100.0,100.0,Completed,419,418,330,,0.0,0.00909090909090909,0.00909090909090909,0,0.0,8.402367717203264,8.768754648685919,0.1303030303030303,0.13333333333333333,0.09696969696969697,0.09375,2,5.741626794258372,0.0,0.0,131.62053730084153,0,0,0
1,17569,1,A,100.0,100.0,Completed,2341,2340,344,,0.46511627906976744,0.34593023255813954,0.811046511627907,38,19.48717948717949,8.004846535211962,9.514312032887108,0.3023255813953488,0.20930232558139536,0.25872093023255816,1.0,19,9.743589743589745,0.8192090395480226,55.45,156.09764910022926,0,0,0
1,17569,1,B,100.0,100.0,Completed,645,644,387,,0.35917312661498707,0.2454780361757106,0.6046511627906976,36,67.0807453416149,8.326484257424935,9.734613727786565,0.18863049095607234,0.3462532299741602,0.17054263565891473,0.696969696969697,9,16.770186335403725,0.2743801652892562,3.6,128.7075541476952,0,0,0
1,17569,1,C,100.0,100.0,Completed,482,481,318,,0.0,0.012578616352201259,0.012578616352201259,0,0.0,8.247013392588643,8.82136066974934,0.13836477987421383,0.13522012578616352,0.1069182389937107,0.11764705882352941,1,2.494802494802495,0.004524886877828055,0.05,128.35362800979055,0,0,0
1,17569,1,D,100.0,100.0,Completed,484,483,331,,0.0,0.01812688821752266,0.01812688821752266,0,0.0,8.363042656030693,8.81615658650247,0.12386706948640483,0.1691842900302115,0.08459214501510574,0.21428571428571427,3,7.453416149068323,0.1373873873873874,1.5,128.6995475020376,0,0,0
1,17569,2,A,100.0,100.0,Completed,558,557,347,,0.4812680115273775,0.3631123919308357,0.8443804034582133,34,73.24955116696589,8.863403054499907,9.386750472248766,0.30547550432276654,0.2132564841498559,0.2680115273775216,1.0,18,38.77917414721723,0.24324324324324326,1.6,129.9574880002183,0,0,0
1,17569,2,B,60.0,100.0,Completed,509,415,286,416,0.32517482517482516,0.17832167832167833,0.5034965034965035,19,54.93975903614458,8.552490313709665,9.51311327858711,0.1258741258741259,0.2762237762237762,0.11188811188811189,0.5,4,11.566265060240964,0.21010638297872342,3.85,128.96870529875738,1,0,0
1,17569,2,C,60.0,100.0,Completed,420,308,258,309,0.0,0.007751937984496124,0.007751937984496124,0,0.0,8.325803509213118,8.836490601079932,0.13953488372093023,0.07751937984496124,0.11627906976744186,0.06666666666666667,2,7.792207792207793,0.0,0.0,128.18252069555456,1,0,0
1,17569,2,D,60.0,100.0,Completed,394,310,259,311,0.0,0.007722007722007722,0.007722007722007722,0,0.0,8.445690925517967,8.770299012401113,0.11969111969111969,0.08494208494208494,0.08494208494208494,0.09090909090909091,3,11.61290322580645,0.0,0.0,132.6445519021945,1,0,0
1,25378,0,A,70.0,100.0,Completed,244,243,226,,0.4911504424778761,0.29646017699115046,0.7876106194690266,16,79.01234567901234,13.748292597754872,14.528312369494005,0.23008849557522124,0.04424778761061947,0.19469026548672566,1.0,16,79.01234567901234,0.0,0.0,118.51595339903724,0,1,0
1,25378,0,B,70.0,100.0,Completed,262,261,244,,0.35655737704918034,0.13114754098360656,0.48770491803278687,8,36.7816091954023,13.348408897388262,14.24200772062391,0.11885245901639344,0.02459016393442623,0.11065573770491803,0.6666666666666666,8,36.7816091954023,0.0,0.0,119.30038499849616,0,1,0
1,25378,0,C,70.0,100.0,Completed,262,261,230,,0.0,0.0,0.0,0,0.0,11.737963671907652,11.846357378817947,0.0782608695652174,0.05217391304347826,0.06521739130434782,0.0,2,9.195402298850574,0.0,0.0,117.54344800283434,0,1,0
1,25378,0,D,70.0,100.0,Completed,261,260,229,,0.0,0.0,0.0,0,0.0,11.844801144623808,11.982979166107821,0.08733624454148471,0.048034934497816595,0.07423580786026202,0.0,2,9.23076923076923,0.0,0.0,122.79738820143389,0,1,0
1,25378,1,A,70.0,100.0,Completed,251,250,233,,0.5107296137339056,0.3218884120171674,0.8326180257510729,23,110.39999999999999,14.147799155953738,14.559275691938364,0.24034334763948498,0.060085836909871244,0.2145922746781116,1.0,17,81.6,0.0,0.0,122.99973610006417,0,1,0
1,25378,1,B,70.0,100.0,Completed,253,252,235,,0.3191489361702128,0.11914893617021277,0.43829787234042555,5,23.809523809523807,13.650809219595116,14.71180007742779,0.11914893617021277,0.03829787234042553,0.10212765957446808,0.6666666666666666,7,33.33333333333333,0.0,0.0,125.41537300057826,0,1,0
1,25378,1,C,70.0,100.0,Completed,266,265,234,,0.0,0.0,0.0,0,0.0,11.65036314698728,11.749517715538486,0.11538461538461539,0.05128205128205128,0.08974358974358974,0.0,4,18.11320754716981,0.0,0.0,117.31538299645763,0,1,0
1,25378,1,D,70.0,100.0,Completed,261,260,229,,0.0,0.0,0.0,0,0.0,11.728117291972543,11.854718811500994,0.07860262008733625,0.048034934497816595,0.06986899563318777,0.0,2,9.23076923076923,0.0,0.0,120.40863494112268,0,1,0
1,25378,2,A,70.0,100.0,Completed,241,240,223,,0.5022421524663677,0.3183856502242152,0.820627802690583,18,90.0,14.726006674083006,14.991596573692252,0.2242152466367713,0.04932735426008968,0.18834080717488788,1.0,11,55.0,0.0,0.0,122.32807745276659,0,1,0
1,25378,2,B,70.0,100.0,Completed,249,248,231,,0.38961038961038963,0.15584415584415584,0.5454545454545454,6,29.032258064516128,14.08603062177507,14.763229733814427,0.18614718614718614,0.04329004329004329,0.17316017316017315,0.65,12,58.064516129032256,0.0,0.0,120.46846710072711,0,1,0
1,25378,2,C,70.0,100.0,Completed,265,264,233,,0.0,0.0,0.0,0,0.0,11.674652503355619,11.78796201858445,0.12446351931330472,0.05150214592274678,0.10300429184549356,0.0,6,27.27272727272727,0.0,0.0,121.23513520054985,0,1,0
1,25378,2,D,70.0,100.0,Completed,265,264,233,,0.0,0.0,0.0,0,0.0,11.69817359883303,11.822243529130494,0.11158798283261803,0.04721030042918455,0.10300429184549356,0.0,6,27.27272727272727,0.0,0.0,121.75047580240062,0,1,0
1,25381,0,A,100.0,100.0,Completed,428,427,387,,0.6201550387596899,0.32299741602067183,0.9431524547803618,48,134.89461358313818,9.3427863683233,10.92432305407854,0.25839793281653745,0.05426356589147287,0.17829457364341086,1.0,27,75.87822014051523,0.010309278350515464,0.1,145.78904419868195,0,0,0
1,25381,0,B,100.0,100.0,Completed,440,439,400,,0.325,0.0925,0.4175,19,51.93621867881548,9.028312802828413,10.069332804248864,0.135,0.125,0.0825,0.3333333333333333,11,30.06833712984054,0.0025,0.05,146.44675130221003,0,0,0
1,25381,0,C,100.0,100.0,Completed,412,411,374,,0.0,0.0,0.0,0,0.0,8.798766545978308,9.771625205079184,0.2540106951871658,0.034759358288770054,0.19518716577540107,0.0,5,14.5985401459854,0.0,0.0,146.30629800376482,0,0,0
1,25381,0,D,100.0,100.0,Completed,412,411,374,,0.0,0.0,0.0,0,0.0,9.278477125012337,9.504692969538928,0.30213903743315507,0.0374331550802139,0.22459893048128343,0.0,13,37.95620437956204,0.0,0.0,147.68498150078813,0,0,0
1,25381,1,A,100.0,100.0,Completed,416,415,389,,0.609254498714653,0.3110539845758355,0.9203084832904884,50,144.57831325301206,9.48266719613485,10.849467927693166,0.2416452442159383,0.02313624678663239,0.15167095115681234,1.0,25,72.28915662650603,0.0026595744680851063,0.05,149.12711730066803,0,0,0
1,25381,1,B,100.0,100.0,Completed,440,439,409,,0.31784841075794623,0.08068459657701711,0.39853300733496333,17,46.469248291571745,8.988472388652154,9.797962031687689,0.13447432762836187,0.10513447432762836,0.07579462102689487,0.3548387096774194,18,49.20273348519361,0.0025,0.05,146.20462649836554,0,0,0
1,25381,1,C,100.0,100.0,Completed,412,411,374,,0.0,0.0,0.0,0,0.0,8.78792862586079,9.889396332977393,0.24064171122994651,0.034759358288770054,0.20855614973262032,0.0,3,8.75912408759124,0.0,0.0,146.56874950014753,0,0,0
1,25381,1,D,100.0,100.0,Completed,411,410,373,,0.0,0.0,0.0,0,0.0,9.370909328558186,9.54734580111844,0.29222520107238603,0.032171581769437,0.21447721179624665,0.0,8,23.414634146341463,0.0,0.0,146.21330464506173,0,0,0
1,25381,2,A,100.0,100.0,Completed,415,414,395,,0.6025316455696202,0.29620253164556964,0.8987341772151899,44,127.53623188405795,9.357168915536043,10.518768415473652,0.22278481012658227,0.060759493670886074,0.1569620253164557,1.0,25,72.46376811594202,0.0,0.0,144.90225145109434,0,0,0
1,25381,2,B,100.0,100.0,Completed,440,439,408,,0.29901960784313725,0.0661764705882353,0.36519607843137253,14,38.268792710706144,8.828298515944994,9.447058146045185,0.1323529411764706,0.08088235294117647,0.07352941176470588,0.3333333333333333,12,32.80182232346241,0.0025,0.05,145.12434949901944,0,0,0
1,25381,2,C,100.0,100.0,Completed,412,411,374,,0.0,0.0,0.0,0,0.0,8.907611466274034,9.945894796790736,0.2540106951871658,0.0374331550802139,0.18181818181818182,0.0,8,23.357664233576642,0.0,0.0,147.21632900182158,0,0,0
1,25381,2,D,100.0,100.0,Completed,410,409,372,,0.0,0.0,0.0,0,0.0,9.33678412127358,9.565958891496301,0.27956989247311825,0.02956989247311828,0.22311827956989247,0.0,13,38.14180929095354,0.0,0.0,146.86828680569306,0,0,0
1,25424,0,A,100.0,100.0,Completed,405,404,287,,0.5261324041811847,0.313588850174216,0.8397212543554007,31,92.07920792079206,11.451049207691359,13.248589698107052,0.26480836236933797,0.16376306620209058,0.24390243902439024,1.0,18,53.465346534653456,0.12876712328767123,2.0500000000000003,117.4626251007794,0,0,0
1,25424,0,B,100.0,100.0,Completed,2255,2254,308,,0.3344155844155844,0.18831168831168832,0.5227272727272727,35,18.633540372670808,7.718990333169129,12.01247775332612,0.17857142857142858,0.17207792207792208,0.14935064935064934,0.5434782608695652,20,10.64773735581189,0.7905191873589165,55.5,135.89345239815884,0,0,0
1,25424,0,C,100.0,100.0,Completed,728,727,307,,0.0,0.0,0.0,0,0.0,8.249755516602649,9.439013616756196,0.15309446254071662,0.247557003257329,0.14006514657980457,0.0,3,4.951856946354883,0.23255813953488372,4.800000000000001,117.17345679717255,0,0,0
1,25424,0,D,100.0,100.0,Completed,722,721,313,,0.0,0.0,0.0,0,0.0,8.197918616982319,9.10035769545733,0.14696485623003194,0.2523961661341853,0.1182108626198083,0.0,5,8.321775312066572,0.2404692082111437,4.55,116.83435199665837,0,0,0
1,25424,1,A,96.228568,100.0,Completed,390,389,304,,0.5296052631578947,0.27960526315789475,0.8092105263157895,30,92.54498714652955,10.660300147345728,11.682046137186227,0.24342105263157895,0.1513157894736842,0.2138157894736842,1.0,18,55.52699228791773,0.054285714285714284,0.8,111.37053160273352,0,0,1
1,25424,1,B,100.0,100.0,Completed,2291,2290,314,,0.3885350318471338,0.22929936305732485,0.6178343949044586,48,25.152838427947597,7.618571059033284,12.393760765683272,0.19745222929936307,0.22611464968152867,0.15605095541401273,0.4897959183673469,23,12.05240174672489,0.7863171923589516,55.300000000000004,134.43467184824834,0,0,0
1,25424,1,C,100.0,100.0,Completed,1761,1760,287,,0.0,0.0,0.0,0,0.0,8.158003026164003,11.262532909927124,0.09059233449477352,0.14982578397212543,0.07317073170731707,0.0,5,3.409090909090909,0.8065078442765834,44.45,127.97819835614064,0,0,0
1,25424,1,D,100.0,100.0,Completed,753,752,309,,0.0,0.0,0.0,0,0.0,8.292492209854045,8.866135185815127,0.1650485436893204,0.255663430420712,0.1488673139158576,0.0,3,4.787234042553191,0.23422159887798036,8.05,119.51907089314773,0,0,0
1,25424,2,A,100.0,100.0,Completed,406,405,287,,0.5296167247386759,0.30662020905923343,0.8362369337979094,33,97.77777777777777,11.123712019332165,12.267752238079513,0.2508710801393728,0.14982578397212543,0.2229965156794425,1.0,21,62.22222222222222,0.12021857923497267,1.9500000000000002,114.67944319956587,0,0,0
1,25424,2,B,100.0,100.0,Completed,2279,2278,328,,0.38414634146341464,0.18902439024390244,0.573170731707317,43,22.651448639157156,7.705521601342896,11.522043338680666,0.1798780487804878,0.21646341463414634,0.1524390243902439,0.48,23,12.11589113257243,0.7838320678874497,55.6,135.72975419847353,0,0,0
1,25424,2,C,100.0,100.0,Completed,754,753,308,,0.0,0.0,0.0,0,0.0,8.261494493814077,9.394956469886374,0.17207792207792208,0.24025974025974026,0.13636363636363635,0.0,5,7.9681274900398416,0.2184873949579832,7.5,114.13557299238164,0,0,0
1,25424,2,D,100.0,100.0,Completed,730,729,312,,0.0,0.0,0.0,0,0.0,8.240273961133346,8.931452699674091,0.15064102564102563,0.2564102564102564,0.13782051282051283,0.0,4,6.584362139917695,0.23333333333333334,7.6000000000000005,116.11021300195716,0,0,0
1,26405,0,A,100.0,100.0,Completed,383,382,344,,0.2616279069767442,0.12790697674418605,0.38953488372093026,19,59.68586387434554,8.609409679268943,9.2357683302456,0.09593023255813954,0.0,0.08139534883720931,1.0,12,37.69633507853403,0.0058309037900874635,0.1,136.7720978521902,0,0,0
1,26405,0,B,23.447149,72.71,Failed - Agent got blocked,1588,260,219,261,0.2009132420091324,0.0776255707762557,0.2785388127853881,3,13.846153846153845,8.353578020120588,9.093861922603613,0.0684931506849315,0.0,0.0593607305936073,0.6153846153846154,3,13.846153846153845,0.058823529411764705,0.65,132.7371807004965,2,0,1
1,26405,0,C,100.0,100.0,Completed,439,438,352,,0.0,0.008522727272727272,0.008522727272727272,0,0.0,8.417855996153065,8.535003859017642,0.05397727272727273,0.0,0.05397727272727273,0.15789473684210525,1,2.73972602739726,0.08020050125313283,1.6,136.15821575003793,0,0,0
1,26405,0,D,100.0,100.0,Completed,436,435,353,,0.0,0.0084985835694051,0.0084985835694051,0,0.0,8.396126800074581,8.516229297471241,0.05099150141643059,0.0,0.05099150141643059,0.16666666666666666,1,2.7586206896551726,0.06818181818181818,1.35,136.0345106004388,0,0,0
1,26405,1,A,100.0,100.0,Completed,390,389,348,,0.3448275862068966,0.1781609195402299,0.5229885057471264,23,70.95115681233932,8.858392450454796,9.223607320665149,0.14080459770114942,0.0,0.1235632183908046,1.0,19,58.61182519280205,0.014285714285714285,0.15000000000000002,136.88665160152593,0,0,0
1,26405,1,B,6.597245,100.0,Completed,540,258,219,259,0.2237442922374429,0.0821917808219178,0.3059360730593607,5,23.25581395348837,8.610648346286512,9.08455231928269,0.0867579908675799,0.0,0.0821917808219178,0.5555555555555556,6,27.906976744186046,0.045662100456621,0.5,138.00811279834306,5,0,1
1,26405,1,C,100.0,100.0,Completed,429,428,355,,0.0,0.008450704225352112,0.008450704225352112,0,0.0,8.412523404343379,8.537477353929152,0.05352112676056338,0.0,0.05352112676056338,0.15789473684210525,1,2.803738317757009,0.007712082262210797,0.15000000000000002,136.60787009575867,0,0,0
1,26405,1,D,100.0,100.0,Completed,413,412,351,,0.0,0.008547008547008548,0.008547008547008548,0,0.0,8.397976851130624,8.480732420045356,0.05413105413105413,0.0,0.05413105413105413,0.15789473684210525,1,2.9126213592233006,0.0,0.0,143.82682690193178,0,0,0
1,26405,2,A,100.0,100.0,Completed,392,391,345,,0.43768115942028984,0.2492753623188406,0.6869565217391305,30,92.07161125319692,8.997887733038082,9.237449601987924,0.22608695652173913,0.0,0.21159420289855072,1.0,30,92.07161125319692,0.019886363636363636,0.2,138.6984514992946,0,0,0
1,26405,2,B,23.447149,72.71,Failed - Agent got blocked,1613,256,220,257,0.21818181818181817,0.07727272727272727,0.29545454545454547,3,14.062499999999998,8.60855846409718,9.201842509723807,0.08636363636363636,0.0,0.07727272727272727,0.5882352941176471,4,18.75,0.041474654377880185,0.45,146.80970650078962,2,0,1
1,26405,2,C,100.0,100.0,Completed,415,414,351,,0.0,0.008547008547008548,0.008547008547008548,0,0.0,8.385170396294471,8.496002760414456,0.05413105413105413,0.0,0.05413105413105413,0.15789473684210525,1,2.8985507246376807,0.0026666666666666666,0.05,179.94955650137808,0,0,0
1,26405,2,D,100.0,100.0,Completed,420,419,351,,0.0,0.011396011396011397,0.011396011396011397,0,0.0,8.343100081089233,8.446265203438097,0.05128205128205128,0.0,0.05128205128205128,0.2222222222222222,1,2.8639618138424816,0.02631578947368421,0.5,143.25798069330628,0,0,0
1,27494,0,A,100.0,100.0,Completed,488,487,273,,0.4981684981684982,0.336996336996337,0.8351648351648352,22,54.2094455852156,8.00874759936962,8.66510018751459,0.3076923076923077,0.0,0.2857142857142857,1.0,21,51.74537987679671,0.41294642857142855,9.25,123.50383959965257,0,0,0
1,27494,0,B,100.0,100.0,Completed,1518,1517,311,,0.3279742765273312,0.18971061093247588,0.5176848874598071,49,38.76071193144363,6.418723914465557,9.126077726448656,0.05144694533762058,0.022508038585209004,0.04180064308681672,0.9230769230769231,5,3.9551746868820032,0.7435723951285521,46.95,131.48916660211398,0,0,0
1,27494,0,C,100.0,100.0,Completed,541,540,284,,0.0,0.0,0.0,0,0.0,7.095411302901322,8.205241742549921,0.22183098591549297,0.0,0.18309859154929578,0.0,4,8.88888888888889,0.38922155688622756,9.55,127.32696704952104,0,0,0
1,27494,0,D,100.0,100.0,Completed,536,535,276,,0.0,0.0,0.0,0,0.0,7.06466271040235,8.206405913753152,0.17391304347826086,0.0,0.15217391304347827,0.0,10,22.429906542056074,0.12096774193548387,1.75,127.45348799726342,0,0,0
1,27494,1,A,100.0,100.0,Completed,493,492,269,,0.516728624535316,0.32342007434944237,0.8401486988847584,30,73.17073170731707,7.999796095235578,8.61595054702205,0.30111524163568776,0.0,0.2825278810408922,1.0,19,46.34146341463414,0.3818984547461369,8.450000000000001,127.69925899810914,0,0,0
1,27494,1,B,100.0,100.0,Completed,1518,1517,301,,0.3521594684385382,0.2159468438538206,0.5681063122923588,49,38.76071193144363,6.538317849607497,9.67028107694584,0.08305647840531562,0.026578073089700997,0.07641196013289037,0.782608695652174,8,6.328279499011205,0.7462787550744249,47.35,130.74647459943662,0,0,0
1,27494,1,C,100.0,100.0,Completed,540,539,283,,0.0,0.0,0.0,0,0.0,7.1842952958834685,8.231409405379164,0.21908127208480566,0.0,0.1978798586572438,0.0,8,17.810760667903523,0.396,9.850000000000001,127.56908800802194,0,0,0
1,27494,1,D,100.0,100.0,Completed,546,545,281,,0.0,0.0,0.0,0,0.0,7.1160667606142205,8.169843288979724,0.1601423487544484,0.0,0.1494661921708185,0.0,7,15.412844036697248,0.31225296442687744,7.8500000000000005,128.09547579381615,0,0,0
1,27494,2,A,100.0,100.0,Completed,489,488,269,,0.4163568773234201,0.29739776951672864,0.7137546468401487,34,83.60655737704919,7.974518378835368,8.871023096595616,0.26394052044609667,0.0,0.241635687732342,1.0,24,59.01639344262295,0.38084632516703787,8.3,129.5192498002507,0,0,0
1,27494,2,B,100.0,100.0,Completed,1516,1515,303,,0.3201320132013201,0.19471947194719472,0.5148514851485149,40,31.683168316831683,6.4434175123776205,9.395861607238766,0.09570957095709572,0.019801980198019802,0.0924092409240924,0.6071428571428571,7,5.544554455445545,0.7493224932249323,47.400000000000006,134.84188450165675,0,0,0
1,27494,2,C,100.0,100.0,Completed,601,600,286,,0.0,0.0,0.0,0,0.0,7.027750813673042,8.189605779523458,0.1888111888111888,0.0,0.15384615384615385,0.0,5,10.0,0.46167557932263814,12.950000000000001,128.29555659918697,0,0,0
1,27494,2,D,100.0,100.0,Completed,542,541,280,,0.0,0.0,0.0,0,0.0,7.052213709538013,8.156627357085831,0.16071428571428573,0.0,0.14642857142857144,0.0,8,17.7449168207024,0.300796812749004,7.550000000000001,124.9816630006535,0,0,0
1,28198,0,A,100.0,100.0,Completed,314,313,224,,0.5178571428571429,0.30357142857142855,0.8214285714285714,22,84.34504792332268,10.861491697293193,11.699593340869562,0.23660714285714285,0.12053571428571429,0.1875,1.0,13,49.84025559105431,0.11678832116788321,1.3,122.20277420055936,0,0,0
1,28198,0,B,100.0,100.0,Completed,317,316,231,,0.3116883116883117,0.17316017316017315,0.48484848484848486,22,83.54430379746834,10.681960910929053,11.876054800498416,0.047619047619047616,0.13852813852813853,0.03463203463203463,0.625,2,7.594936708860758,0.02527075812274368,0.1,122.55091949919006,0,0,0
1,28198,0,C,100.0,100.0,Completed,319,318,235,,0.0,0.0,0.0,0,0.0,10.709042293488233,11.107214241803323,0.18723404255319148,0.14042553191489363,0.11914893617021277,0.0,7,26.41509433962264,0.0035842293906810036,0.05,121.19243479937722,0,0,0
1,28198,0,D,100.0,100.0,Completed,318,317,232,,0.0,0.0,0.0,0,0.0,10.755385181199696,11.006335055665506,0.13793103448275862,0.13793103448275862,0.11206896551724138,0.0,4,15.141955835962142,0.0035971223021582736,0.05,117.86230020079529,0,0,0
1,28198,1,A,100.0,100.0,Completed,311,310,220,,0.5227272727272727,0.3,0.8227272727272728,23,89.03225806451611,10.863484844098577,11.746893688826123,0.2727272727272727,0.1318181818181818,0.18181818181818182,1.0,13,50.32258064516129,0.12177121771217712,1.5,121.64174540230306,0,0,0
1,28198,1,B,100.0,100.0,Completed,316,315,235,,0.30638297872340425,0.1829787234042553,0.48936170212765956,21,80.0,10.742840000870542,11.781433276921334,0.06382978723404255,0.14468085106382977,0.0425531914893617,0.8,4,15.238095238095237,0.025362318840579712,0.1,123.88237560007838,0,0,0
1,28198,1,C,100.0,100.0,Completed,318,317,232,,0.0,0.0,0.0,0,0.0,10.836859770632433,11.175083402941752,0.1724137931034483,0.1336206896551724,0.10775862068965517,0.0,3,11.356466876971608,0.0035971223021582736,0.05,118.34587579942308,0,0,0
1,28198,1,D,100.0,100.0,Completed,319,318,234,,0.0,0.0,0.0,0,0.0,10.678386199450909,10.904121608140938,0.1452991452991453,0.13675213675213677,0.13247863247863248,0.0,5,18.867924528301884,0.0035842293906810036,0.05,122.956076401897,0,0,0
1,28198,2,A,100.0,100.0,Completed,303,302,219,,0.5159817351598174,0.3013698630136986,0.817351598173516,26,103.31125827814569,10.953857013120087,11.686256996522484,0.2602739726027397,0.1689497716894977,0.1963470319634703,1.0,14,55.62913907284767,0.12927756653992395,1.4500000000000002,120.23781295119988,0,0,0
1,28198,2,B,100.0,100.0,Completed,314,313,234,,0.29914529914529914,0.18803418803418803,0.48717948717948717,25,95.84664536741214,10.807799959763589,11.816084666600087,0.06837606837606838,0.14102564102564102,0.038461538461538464,0.8888888888888888,3,11.501597444089455,0.029197080291970802,0.1,88.51800839911448,0,0,0
1,28198,2,C,100.0,100.0,Completed,319,318,234,,0.0,0.0,0.0,0,0.0,10.772750623971849,11.189058152741486,0.18376068376068377,0.13675213675213677,0.11965811965811966,0.0,6,22.641509433962263,0.0035842293906810036,0.05,125.90944704716092,0,0,0
1,28198,2,D,100.0,100.0,Completed,319,318,232,,0.0,0.0,0.0,0,0.0,10.676661730526295,10.94473240614869,0.15086206896551724,0.14655172413793102,0.11206896551724138,0.0,5,18.867924528301884,0.0,0.0,111.19481729183461,0,0,0
2,2050,0,A,100.0,100.0,Completed,256,255,205,,0.28780487804878047,0.15609756097560976,0.44390243902439025,10,47.05882352941177,11.103464652536555,11.535994047282992,0.11707317073170732,0.0,0.09268292682926829,1.0,3,14.117647058823529,0.06944444444444445,0.7000000000000001,121.16447000007611,0,0,0
2,2050,0,B,100.0,100.0,Completed,256,255,199,,0.31155778894472363,0.1407035175879397,0.45226130653266333,16,75.29411764705883,11.597193415562614,12.065457394457429,0.04522613065326633,0.0,0.04020100502512563,0.875,6,28.235294117647058,0.004629629629629629,0.05,122.74005059953197,0,0,0
2,2050,0,C,60.0,100.0,Completed,315,217,146,218,0.0,0.0,0.0,0,0.0,7.56643474230161,8.221320894408528,0.4178082191780822,0.0,0.2808219178082192,0.0,1,5.529953917050691,0.08426966292134831,0.75,110.8770093997009,1,0,0
2,2050,0,D,60.0,100.0,Completed,342,255,164,256,0.0,0.06097560975609756,0.06097560975609756,0,0.0,7.696921755344332,8.617339879411116,0.34146341463414637,0.036585365853658534,0.2073170731707317,0.029411764705882353,3,14.117647058823529,0.08333333333333333,0.65,110.25216280977473,1,0,0
2,2050,1,A,100.0,100.0,Completed,329,328,217,,0.3456221198156682,0.1935483870967742,0.5391705069124424,14,51.21951219512194,11.106146318529364,11.496409790262316,0.12442396313364056,0.009216589861751152,0.10599078341013825,1.0,5,18.292682926829265,0.21107266435986158,2.35,126.9833762999042,0,0,0
2,2050,1,B,100.0,100.0,Completed,258,257,203,,0.3399014778325123,0.15270935960591134,0.49261083743842365,14,65.36964980544747,11.61295223132112,12.026648539013738,0.06403940886699508,0.0,0.03940886699507389,0.875,6,28.015564202334627,0.01834862385321101,0.1,121.06861659849528,0,0,0
2,2050,1,C,60.0,100.0,Completed,314,217,148,218,0.0,0.0,0.0,0,0.0,7.673725509864648,8.437086421954856,0.43243243243243246,0.0,0.3108108108108108,0.0,1,5.529953917050691,0.06741573033707865,0.55,103.82945679302789,1,0,0
2,2050,1,D,100.0,100.0,Completed,306,305,220,,0.0,0.0,0.0,0,0.0,11.320731847786696,11.518824299411158,0.2545454545454545,0.0,0.22727272727272727,0.0,1,3.934426229508197,0.04887218045112782,0.45,103.28419420111459,0,0,0
2,2050,2,A,100.0,100.0,Completed,329,328,218,,0.42201834862385323,0.25229357798165136,0.6743119266055045,16,58.536585365853654,11.113465426761161,11.561447189199386,0.1651376146788991,0.009174311926605505,0.15137614678899083,1.0,5,18.292682926829265,0.2041522491349481,2.35,128.63666215089324,0,0,0
2,2050,2,B,100.0,100.0,Completed,266,265,203,,0.3399014778325123,0.15270935960591134,0.49261083743842365,17,76.9811320754717,11.436850372313119,12.059435341020825,0.06403940886699508,0.0,0.034482758620689655,0.8571428571428571,7,31.69811320754717,0.035398230088495575,0.15000000000000002,115.39170699979877,0,0,0
2,2050,2,C,100.0,100.0,Completed,313,312,225,,0.0,0.02666666666666667,0.02666666666666667,0,0.0,11.302506411296106,11.700221229455567,0.24444444444444444,0.057777777777777775,0.19555555555555557,0.0,5,19.23076923076923,0.018315018315018316,0.2,108.96124505306939,0,0,0
2,2050,2,D,100.0,100.0,Completed,305,304,227,,0.0,0.0,0.0,0,0.0,11.172502615187751,11.257439199172008,0.2907488986784141,0.0,0.23348017621145375,0.0,2,7.894736842105263,0.05660377358490566,0.7000000000000001,102.19046875063214,0,0,0
2,2084,0,A,100.0,100.0,Completed,460,459,251,,0.5617529880478087,0.3466135458167331,0.9083665338645418,28,73.20261437908495,9.326580317955488,11.357907616324699,0.3107569721115538,0.04780876494023904,0.30278884462151395,1.0,16,41.83006535947712,0.36428571428571427,3.25,126.73366549861385,0,0,0
2,2084,0,B,60.0,100.0,Completed,580,452,162,453,0.41975308641975306,0.2962962962962963,0.7160493827160493,69,183.1858407079646,5.306735875688456,8.945059401713298,0.08641975308641975,0.043209876543209874,0.05555555555555555,0.8888888888888888,0,0.0,0.3050847457627119,1.7000000000000002,139.16478524879494,1,0,0
2,2084,0,C,50.76,50.76,Failed - Agent deviated from the route,513,512,215,,0.0,0.0,0.0,0,0.0,7.112497554007248,7.3015800519642315,0.386046511627907,0.0,0.34418604651162793,0.0,3,7.031249999999999,0.28118393234672306,3.6,129.17359310013126,0,0,0
2,2084,0,D,50.76,50.76,Failed - Agent deviated from the route,517,516,216,,0.0,0.0,0.0,0,0.0,7.1449694857139185,7.61191370602356,0.33796296296296297,0.0,0.2916666666666667,0.0,5,11.627906976744185,0.2641509433962264,3.3000000000000003,122.57892625348177,0,0,0
2,2084,1,A,100.0,100.0,Completed,458,457,258,,0.5581395348837209,0.36046511627906974,0.9186046511627907,22,57.76805251641137,8.78515395511494,11.156642661996802,0.32170542635658916,0.03488372093023256,0.313953488372093,1.0,16,42.01312910284464,0.34210526315789475,3.3000000000000003,134.4099054003891,0,0,0
2,2084,1,B,60.0,100.0,Completed,636,490,134,491,0.26119402985074625,0.3283582089552239,0.5895522388059702,65,159.18367346938777,4.7858372725942875,6.357805168054736,0.04477611940298507,0.022388059701492536,0.04477611940298507,1.0,0,0.0,0.41685144124168516,2.35,137.76392510044388,1,0,0
2,2084,1,C,30.456,50.76,Failed - Agent deviated from the route,3537,409,153,410,0.0,0.0,0.0,0,0.0,6.896368217420404,7.472575239278643,0.3006535947712418,0.0,0.28104575163398693,0.0,4,11.735941320293398,0.1837837837837838,2.9000000000000004,129.24624599399976,1,0,0
2,2084,1,D,50.76,50.76,Failed - Agent deviated from the route,523,522,219,,0.0,0.0091324200913242,0.0091324200913242,0,0.0,7.188009888590378,7.291525526934936,0.3470319634703196,0.0,0.3150684931506849,0.0,2,4.597701149425287,0.2650103519668737,3.3000000000000003,136.64388005781802,0,0,0
2,2084,2,A,100.0,100.0,Completed,460,459,253,,0.5968379446640316,0.33201581027667987,0.9288537549407114,29,75.81699346405227,9.036230125694736,11.584046459867865,0.2924901185770751,0.043478260869565216,0.2845849802371542,1.0,17,44.444444444444436,0.3404761904761905,3.35,137.34270989843935,0,0,0
2,2084,2,B,100.0,100.0,Completed,557,556,265,,0.29056603773584905,0.15849056603773584,0.4490566037735849,52,112.23021582733813,7.760220033581331,11.358640338513595,0.07547169811320754,0.018867924528301886,0.06415094339622641,0.7058823529411765,7,15.107913669064748,0.3307543520309478,7.2,136.72535974910716,0,0,0
2,2084,2,C,50.76,50.76,Failed - Agent deviated from the route,474,473,235,,0.0,0.03829787234042553,0.03829787234042553,0,0.0,7.023612215759624,7.325887029713318,0.2553191489361702,0.00425531914893617,0.225531914893617,0.09433962264150944,6,15.22198731501057,0.27419354838709675,3.4000000000000004,130.94556820287835,0,0,0
2,2084,2,D,50.76,50.76,Failed - Agent deviated from the route,480,479,234,,0.0,0.038461538461538464,0.038461538461538464,0,0.0,6.9864800752298795,7.229596463881699,0.2264957264957265,0.0,0.20085470085470086,0.10638297872340426,4,10.020876826722336,0.30454545454545456,3.7,131.53679019596893,0,0,0
2,3072,0,A,100.0,100.0,Completed,389,388,371,,0.42048517520215634,0.23450134770889489,0.6549865229110512,26,80.41237113402062,9.866808936616836,11.151453272717555,0.20215633423180593,0.0,0.1725067385444744,1.0,19,58.76288659793814,0.0,0.0,126.73607955093756,0,0,0
2,3072,0,B,100.0,100.0,Completed,405,404,387,,0.18087855297157623,0.04392764857881137,0.2248062015503876,2,5.94059405940594,9.97570620183041,10.3324921176971,0.03359173126614987,0.023255813953488372,0.028423772609819122,0.18181818181818182,6,17.82178217821782,0.0,0.0,126.69810479819716,0,0,0
2,3072,0,C,100.0,100.0,Completed,413,412,380,,0.0,0.0,0.0,0,0.0,9.521196044779746,11.395313323383567,0.10789473684210527,0.0,0.07631578947368421,0.0,4,11.650485436893202,0.0,0.0,124.50462054039235,0,0,0
2,3072,0,D,100.0,100.0,Completed,414,413,382,,0.0,0.0,0.0,0,0.0,9.539614715283122,11.371261583814581,0.08638743455497382,0.0,0.060209424083769635,0.0,6,17.433414043583536,0.0,0.0,123.39377619791776,0,0,0
2,3072,1,A,100.0,100.0,Completed,391,390,373,,0.4316353887399464,0.2520107238605898,0.6836461126005362,28,86.15384615384615,9.949134424539006,10.955189076864901,0.2225201072386059,0.0,0.1876675603217158,1.0,25,76.92307692307692,0.0,0.0,125.63630989934609,0,0,0
2,3072,1,B,100.0,100.0,Completed,402,401,384,,0.16927083333333334,0.041666666666666664,0.2109375,4,11.970074812967582,10.211537416739649,10.742475585029343,0.0390625,0.026041666666666668,0.010416666666666666,0.5,7,20.947630922693268,0.0,0.0,122.30084299881128,0,0,0
2,3072,1,C,100.0,100.0,Completed,414,413,381,,0.0,0.0,0.0,0,0.0,9.480037862585782,11.393983437446435,0.09711286089238845,0.0,0.06299212598425197,0.0,4,11.62227602905569,0.0,0.0,125.1006642123684,0,0,0
2,3072,1,D,100.0,100.0,Completed,413,412,380,,0.0,0.0,0.0,0,0.0,9.490501309375398,11.412931811057673,0.12105263157894737,0.0,0.1,0.0,5,14.563106796116504,0.0,0.0,119.02974610493402,0,0,0
2,3072,2,A,100.0,100.0,Completed,390,389,372,,0.45161290322580644,0.22580645161290322,0.6774193548387096,27,83.2904884318766,10.321327516216876,11.350601539962392,0.1935483870967742,0.005376344086021506,0.17473118279569894,1.0,22,67.866323907455,0.0,0.0,122.61112000123828,0,0,0
2,3072,2,B,100.0,100.0,Completed,407,406,389,,0.12339331619537275,0.03598971722365039,0.15938303341902313,1,2.955665024630542,9.794169840189069,10.421112895132403,0.038560411311053984,0.002570694087403599,0.02056555269922879,0.75,1,2.955665024630542,0.0,0.0,121.83608450231986,0,0,0
2,3072,2,C,100.0,100.0,Completed,413,412,380,,0.0,0.0,0.0,0,0.0,9.54231227957981,11.396986220898508,0.11315789473684211,0.0,0.08947368421052632,0.0,6,17.475728155339805,0.0,0.0,121.70978094727616,0,0,0
2,3072,2,D,100.0,100.0,Completed,414,413,382,,0.0,0.0,0.0,0,0.0,9.532356464974793,11.363530571692891,0.10732984293193717,0.0,0.06806282722513089,0.0,9,26.150121065375302,0.0,0.0,119.46587239508517,0,0,0
2,25318,0,A,100.0,100.0,Completed,531,530,477,,0.5911949685534591,0.3480083857442348,0.939203354297694,48,108.67924528301887,7.874528025539712,8.298150478125056,0.32075471698113206,0.03563941299790356,0.2809224318658281,1.0,35,79.24528301886792,0.03665987780040733,0.8500000000000001,145.37886550042458,0,0,0
2,25318,0,B,60.0,100.0,Completed,554,511,441,512,0.30612244897959184,0.12698412698412698,0.4331065759637188,17,39.92172211350294,7.253709305017447,8.10863386430113,0.18594104308390022,0.07936507936507936,0.1383219954648526,0.5245901639344263,12,28.180039138943247,0.038135593220338986,0.8,146.59615400159964,1,0,0
2,25318,0,C,60.0,100.0,Completed,482,212,183,213,0.0,0.0,0.0,0,0.0,7.628169296013845,7.895528004838423,0.2786885245901639,0.060109289617486336,0.23497267759562843,0.0,1,5.660377358490565,0.0,0.0,144.81833875324804,1,0,0
2,25318,0,D,60.0,100.0,Completed,483,212,175,213,0.0,0.0,0.0,0,0.0,7.6453925302307875,7.876230546497611,0.24,0.05714285714285714,0.2057142857142857,0.0,4,22.64150943396226,0.0,0.0,146.04925860257936,1,0,0
2,25318,1,A,100.0,100.0,Completed,568,567,463,,0.5464362850971922,0.32397408207343414,0.8704103671706264,57,120.63492063492063,7.364375020002995,8.286669257581533,0.2634989200863931,0.038876889848812095,0.2224622030237581,1.0,38,80.42328042328042,0.10416666666666667,2.2,145.91926960129058,0,0,0
2,25318,1,B,100.0,100.0,Completed,555,554,507,,0.21893491124260356,0.08875739644970414,0.3076923076923077,17,36.82310469314079,7.113527125976804,7.798476183410222,0.13214990138067062,0.09270216962524655,0.09072978303747535,0.5217391304347826,8,17.328519855595665,0.03495145631067961,0.9,142.51667669959716,0,0,0
2,25318,1,C,60.0,100.0,Completed,482,213,183,214,0.0,0.0,0.0,0,0.0,7.570768925175687,7.723297900695394,0.2896174863387978,0.060109289617486336,0.23497267759562843,0.0,3,16.901408450704224,0.0,0.0,141.47077380912376,1,0,0
2,25318,1,D,60.0,100.0,Completed,515,210,180,211,0.0,0.0,0.0,0,0.0,7.616880542157622,7.858423942323283,0.29444444444444445,0.07222222222222222,0.2388888888888889,0.0,3,17.142857142857142,0.0,0.0,142.72762179971323,1,0,0
2,25318,2,A,100.0,100.0,Completed,573,572,469,,0.5692963752665245,0.3603411513859275,0.929637526652452,47,98.6013986013986,7.8296669040860944,8.597088593403885,0.3283582089552239,0.031982942430703626,0.2878464818763326,1.0,31,65.03496503496503,0.08630393996247655,2.15,143.73616904958908,0,0,0
2,25318,2,B,60.0,100.0,Completed,558,254,206,255,0.28640776699029125,0.1262135922330097,0.41262135922330095,6,28.34645669291338,7.308451464503195,7.732859217426231,0.10679611650485436,0.16990291262135923,0.10194174757281553,0.5714285714285714,5,23.622047244094485,0.07906976744186046,0.8500000000000001,144.0173937480722,1,0,0
2,25318,2,C,100.0,100.0,Completed,480,479,450,,0.0,0.0,0.0,0,0.0,7.113566864026613,7.767080905522341,0.13111111111111112,0.02666666666666667,0.1,0.0,3,7.515657620041752,0.0,0.0,140.03639050060883,0,0,0
2,25318,2,D,60.0,100.0,Completed,481,212,182,213,0.0,0.0,0.0,0,0.0,7.479150212287701,7.644306082441957,0.25824175824175827,0.06043956043956044,0.22527472527472528,0.0,2,11.32075471698113,0.0,0.0,143.63481525579118,1,0,0
2,27529,0,A,100.0,100.0,Completed,542,541,235,,0.5659574468085107,0.34893617021276596,0.9148936170212766,53,117.5600739371534,7.395767864951884,8.203452127315936,0.3191489361702128,0.0,0.31063829787234043,1.0,16,35.4898336414048,0.42828685258964144,8.200000000000001,133.24846999967122,0,0,0
2,27529,0,B,100.0,100.0,Completed,1239,1238,268,,0.30597014925373134,0.17537313432835822,0.48134328358208955,139,134.7334410339257,5.610115895666533,7.708222004096834,0.1455223880597015,0.0,0.11567164179104478,0.5161290322580645,3,2.9079159935379644,0.6105087572977481,8.6,143.10325200131044,0,0,0
2,27529,0,C,50.02,50.02,Failed - Agent deviated from the route,475,474,219,,0.0,0.0228310502283105,0.0228310502283105,0,0.0,7.161695189833036,7.5967839314570025,0.2648401826484018,0.0,0.2465753424657534,0.0,4,10.126582278481012,0.41839080459770117,8.85,135.72819464970962,0,0,0
2,27529,0,D,24.0096,50.02,Failed - Agent deviated from the route,466,376,138,377,0.0,0.057971014492753624,0.057971014492753624,0,0.0,6.137250470240234,7.064005463251333,0.18115942028985507,0.0,0.15217391304347827,0.0,5,15.957446808510637,0.45103857566765576,7.550000000000001,129.75180474677472,1,0,0
2,27529,1,A,100.0,100.0,Completed,453,452,242,,0.5661157024793388,0.3677685950413223,0.9338842975206612,28,74.3362831858407,7.633719328015316,8.179834647122943,0.3347107438016529,0.0,0.30991735537190085,1.0,13,34.51327433628318,0.3922518159806295,7.7,126.55834714914816,0,0,0
2,27529,1,B,100.0,100.0,Completed,672,671,264,,0.2689393939393939,0.14772727272727273,0.4166666666666667,64,114.45603576751117,6.703463617951662,7.483079439604515,0.07575757575757576,0.0,0.06439393939393939,0.6470588235294118,6,10.730253353204173,0.41455696202531644,6.25,132.5793079995492,0,0,0
2,27529,1,C,40.016,50.02,Failed - Agent deviated from the route,460,459,222,,0.0,0.036036036036036036,0.036036036036036036,0,0.0,7.186440358566765,7.378475277457368,0.2702702702702703,0.0,0.25675675675675674,0.0,5,13.0718954248366,0.4261904761904762,8.950000000000001,133.83341730514076,0,0,0
2,27529,1,D,24.0096,50.02,Failed - Agent deviated from the route,458,382,153,383,0.0,0.06535947712418301,0.06535947712418301,0,0.0,6.699716448544691,7.350319728059747,0.20261437908496732,0.0,0.17647058823529413,0.0,2,6.282722513089005,0.3498542274052478,5.8500000000000005,129.80668694726774,1,0,0
2,27529,2,A,100.0,100.0,Completed,471,470,247,,0.5546558704453441,0.3765182186234818,0.9311740890688259,34,86.80851063829788,7.361124219130595,7.907022824361454,0.340080971659919,0.0,0.32388663967611336,1.0,17,43.40425531914894,0.3689095127610209,7.65,135.81728430053772,0,0,0
2,27529,2,B,100.0,100.0,Completed,1239,1238,266,,0.31203007518796994,0.22180451127819548,0.5338345864661654,103,99.83844911147011,6.195887039818624,7.326810515368845,0.12406015037593984,0.0,0.10150375939849623,0.5555555555555556,4,3.8772213247172855,0.6088407005838199,24.650000000000002,133.1505484498848,0,0,0
2,27529,2,C,40.016,50.02,Failed - Agent deviated from the route,521,520,222,,0.0,0.03153153153153153,0.03153153153153153,0,0.0,7.000215591564521,7.329287662308525,0.2927927927927928,0.0,0.2702702702702703,0.0,4,9.23076923076923,0.36382536382536385,8.5,135.68284955181298,0,0,0
2,27529,2,D,50.02,50.02,Failed - Agent deviated from the route,544,543,228,,0.0,0.03508771929824561,0.03508771929824561,0,0.0,6.921836864881437,7.471921821698999,0.2807017543859649,0.0,0.2719298245614035,0.0,7,15.469613259668508,0.36706349206349204,9.1,134.56424639880424,0,0,0
2,28154,0,A,100.0,100.0,Completed,643,642,510,,0.3588235294117647,0.19215686274509805,0.5509803921568628,30,56.074766355140184,8.128042313375802,8.924041813039185,0.17058823529411765,0.0,0.15294117647058825,1.0,25,46.72897196261682,0.16749585406301823,5.050000000000001,158.0577034030284,0,0,0
2,28154,0,B,100.0,100.0,Completed,649,648,525,,0.20761904761904762,0.06666666666666667,0.2742857142857143,42,77.77777777777779,7.8921176936737005,8.2365416137145,0.07047619047619047,0.0,0.05333333333333334,0.5357142857142857,9,16.666666666666668,0.06732348111658457,1.3,150.75874679914705,0,0,0
2,28154,0,C,100.0,100.0,Completed,643,642,474,,0.0,0.0,0.0,0,0.0,8.311218479133665,8.414476589804973,0.11814345991561181,0.0,0.09282700421940929,0.0,3,5.607476635514018,0.19071310116086235,5.75,158.84730949983347,0,0,0
2,28154,0,D,100.0,100.0,Completed,648,647,473,,0.0,0.0,0.0,0,0.0,8.282446543011151,8.395335932794403,0.11205073995771671,0.0,0.1014799154334038,0.0,4,7.418856259659969,0.19901315789473684,6.050000000000001,162.69480880146136,0,0,0
2,28154,1,A,100.0,100.0,Completed,643,642,507,,0.2978303747534517,0.14990138067061143,0.4477317554240631,25,46.72897196261682,8.103817519547103,8.347770423996053,0.14595660749506903,0.0,0.126232741617357,1.0,21,39.25233644859813,0.17081260364842454,5.15,150.5700573497961,0,0,0
2,28154,1,B,100.0,100.0,Completed,651,650,526,,0.16730038022813687,0.043726235741444866,0.21102661596958175,40,73.84615384615385,7.97653873960441,8.781002268685796,0.06463878326996197,0.0,0.053231939163498096,0.2857142857142857,10,18.461538461538463,0.06873977086743044,0.9500000000000001,151.41385685037676,0,0,0
2,28154,1,C,100.0,100.0,Completed,648,647,471,,0.0,0.0,0.0,0,0.0,8.321964619987927,8.425597987031475,0.12738853503184713,0.0,0.10615711252653928,0.0,5,9.273570324574962,0.20065789473684212,6.1000000000000005,162.66311420331476,0,0,0
2,28154,1,D,100.0,100.0,Completed,649,648,474,,0.0,0.0,0.0,0,0.0,8.290541156643323,8.40383036371052,0.16033755274261605,0.0,0.1350210970464135,0.0,9,16.666666666666668,0.19540229885057472,5.95,163.86590285255807,0,0,0
2,28154,2,A,100.0,100.0,Completed,646,645,510,,0.44313725490196076,0.23921568627450981,0.6823529411764706,42,78.13953488372093,8.153303958920628,8.429510187749713,0.22745098039215686,0.0,0.20980392156862746,1.0,28,52.093023255813954,0.16006600660066006,4.8500000000000005,150.844163599686,0,0,0
2,28154,2,B,100.0,100.0,Completed,653,652,530,,0.15283018867924528,0.06415094339622641,0.2169811320754717,35,64.41717791411043,7.90076328318927,8.925818983865708,0.0509433962264151,0.0,0.0509433962264151,0.5555555555555556,8,14.723926380368098,0.06199021207177814,1.25,122.82049844743597,0,0,0
2,28154,2,C,100.0,100.0,Completed,643,642,476,,0.0,0.0,0.0,0,0.0,8.34012010591241,8.480205273720163,0.1092436974789916,0.0,0.09243697478991597,0.0,2,3.7383177570093458,0.18407960199004975,5.3500000000000005,167.6384602564212,0,0,0
2,28154,2,D,100.0,100.0,Completed,643,642,475,,0.0,0.0,0.0,0,0.0,8.29916425912103,8.422628032107076,0.14526315789473684,0.0,0.11578947368421053,0.0,7,13.084112149532709,0.19071310116086235,5.75,139.98766115037142,0,0,0
