judge,arm,scope,n,value,delta,lo,hi,halfwidth
ADE vs log,ridge ego,all,106360,1.8344768285751343,0.0,0.0,0.0,0.0
ADE vs log,ridge ego,pre_onset,1510,2.3760018348693848,0.0,0.0,0.0,0.0
ADE vs log,ridge ego,straight_yaw,46580,1.721554160118103,0.0,0.0,0.0,0.0
ADE vs log,ridge ego,dec1-9,95724,1.405332326889038,0.0,0.0,0.0,0.0
ADE vs log,ridge ego,dec10,10636,5.696776390075684,0.0,0.0,0.0,0.0
ADE vs log,ridge ego,dec1-9 pre_onset,1291,1.9619956016540527,0.0,0.0,0.0,0.0
ADE vs log,ridge ego,rater,479,2.432774543762207,0.0,0.0,0.0,0.0
ADE vs log,ridge ego,rater credible,434,2.123134136199951,0.0,0.0,0.0,0.0
ADE vs log,ridge ego,rater pre_onset,6,1.6201729774475098,0.0,0.0,0.0,0.0
minADE1,ridge ego,all,106360,1.881818413734436,0.0,0.0,0.0,0.0
minADE1,ridge ego,pre_onset,1510,2.533585548400879,0.0,0.0,0.0,0.0
minADE1,ridge ego,straight_yaw,46580,1.79236900806427,0.0,0.0,0.0,0.0
minADE1,ridge ego,dec1-9,95724,1.4839613437652588,0.0,0.0,0.0,0.0
minADE1,ridge ego,dec10,10636,5.462531566619873,0.0,0.0,0.0,0.0
minADE1,ridge ego,dec1-9 pre_onset,1291,2.1248419284820557,0.0,0.0,0.0,0.0
minADE1,ridge ego,rater,479,2.462421178817749,0.0,0.0,0.0,0.0
minADE1,ridge ego,rater credible,434,2.1589865684509277,0.0,0.0,0.0,0.0
minADE1,ridge ego,rater pre_onset,6,1.851184368133545,0.0,0.0,0.0,0.0
minADE3,ridge ego,all,106360,1.5293163061141968,0.0,0.0,0.0,0.0
minADE3,ridge ego,pre_onset,1510,2.216520309448242,0.0,0.0,0.0,0.0
minADE3,ridge ego,straight_yaw,46580,1.535859227180481,0.0,0.0,0.0,0.0
minADE3,ridge ego,dec1-9,95724,1.1539965867996216,0.0,0.0,0.0,0.0
minADE3,ridge ego,dec10,10636,4.907193183898926,0.0,0.0,0.0,0.0
minADE3,ridge ego,dec1-9 pre_onset,1291,1.825716257095337,0.0,0.0,0.0,0.0
minADE3,ridge ego,rater,479,2.081894636154175,0.0,0.0,0.0,0.0
minADE3,ridge ego,rater credible,434,1.7795683145523071,0.0,0.0,0.0,0.0
minADE3,ridge ego,rater pre_onset,6,1.6426525115966797,0.0,0.0,0.0,0.0
minADE6,ridge ego,all,106360,1.3462891578674316,0.0,0.0,0.0,0.0
minADE6,ridge ego,pre_onset,1510,2.0078487396240234,0.0,0.0,0.0,0.0
minADE6,ridge ego,straight_yaw,46580,1.3645371198654175,0.0,0.0,0.0,0.0
minADE6,ridge ego,dec1-9,95724,0.9920833706855774,0.0,0.0,0.0,0.0
minADE6,ridge ego,dec10,10636,4.534141540527344,0.0,0.0,0.0,0.0
minADE6,ridge ego,dec1-9 pre_onset,1291,1.6347694396972656,0.0,0.0,0.0,0.0
minADE6,ridge ego,rater,479,1.909880518913269,0.0,0.0,0.0,0.0
minADE6,ridge ego,rater credible,434,1.6169590950012207,0.0,0.0,0.0,0.0
minADE6,ridge ego,rater pre_onset,6,1.5188850164413452,0.0,0.0,0.0,0.0
RFS,ridge ego,all,479,7.055803829125608,0.0,0.0,0.0,0.0
RFS,ridge ego,pre_onset,6,7.006436267365921,0.0,0.0,0.0,0.0
RFS,ridge ego,straight_yaw,162,7.947981582897641,0.0,0.0,0.0,0.0
RFS,ridge ego,dec1-9,389,7.318178085098017,0.0,0.0,0.0,0.0
RFS,ridge ego,dec10,90,5.921763989422639,0.0,0.0,0.0,0.0
RFS,ridge ego,dec1-9 pre_onset,6,7.006436267365921,0.0,0.0,0.0,0.0
RFS,ridge ego,rater,479,7.055803829125608,0.0,0.0,0.0,0.0
RFS,ridge ego,rater credible,434,7.14980874989003,0.0,0.0,0.0,0.0
RFS,ridge ego,rater pre_onset,6,7.006436267365921,0.0,0.0,0.0,0.0
RFS,ridge ego,rater q1,96,8.717259985241876,0.0,0.0,0.0,0.0
RFS,ridge ego,rater q2,96,7.869486435217728,0.0,0.0,0.0,0.0
RFS,ridge ego,rater q3,95,6.802743396559194,0.0,0.0,0.0,0.0
RFS,ridge ego,rater q4,96,6.046968536865933,0.0,0.0,0.0,0.0
RFS,ridge ego,rater q5,96,5.8399247455707455,0.0,0.0,0.0,0.0
ADE vs rater_best,ridge ego,all,479,3.157146039269165,0.0,0.0,0.0,0.0
ADE vs rater_best,ridge ego,pre_onset,6,2.677252252896627,0.0,0.0,0.0,0.0
ADE vs rater_best,ridge ego,straight_yaw,162,2.8189873918890953,0.0,0.0,0.0,0.0
ADE vs rater_best,ridge ego,dec1-9,389,2.5907894831466796,0.0,0.0,0.0,0.0
ADE vs rater_best,ridge ego,dec10,90,5.605064931843016,0.0,0.0,0.0,0.0
ADE vs rater_best,ridge ego,dec1-9 pre_onset,6,2.677252252896627,0.0,0.0,0.0,0.0
ADE vs rater_best,ridge ego,rater,479,3.157146039269165,0.0,0.0,0.0,0.0
ADE vs rater_best,ridge ego,rater credible,434,3.024046162203435,0.0,0.0,0.0,0.0
ADE vs rater_best,ridge ego,rater pre_onset,6,2.677252252896627,0.0,0.0,0.0,0.0
ADE vs log,A ridge_late uniform,all,106360,1.7663496732711792,-0.06812705099582672,-0.08530781602750541,-0.051555598293482385,0.016876108867011512
ADE vs log,A ridge_late uniform,pre_onset,1510,2.3598077297210693,-0.016193991526961327,-0.06214635911764214,0.030347175890194686,0.046246767503918415
ADE vs log,A ridge_late uniform,straight_yaw,46580,1.5943816900253296,-0.1271725594997406,-0.15792903096792416,-0.09907217041791233,0.029428430275005912
ADE vs log,A ridge_late uniform,dec1-9,95724,1.3639490604400635,-0.04138342663645744,-0.05886230525861004,-0.024716999854636316,0.01707265270198686
ADE vs log,A ridge_late uniform,dec10,10636,5.387956619262695,-0.3088197112083435,-0.3452038851144874,-0.27149218998678903,0.03685584756384919
ADE vs log,A ridge_late uniform,dec1-9 pre_onset,1291,1.9603031873703003,-0.0016923899529501796,-0.051864213834592825,0.04938463122601864,0.05062442253030573
ADE vs log,A ridge_late uniform,rater,479,2.3882713317871094,-0.04450307786464691,-0.08684975981351996,-0.00141854280738403,0.042715608503067964
ADE vs log,A ridge_late uniform,rater credible,434,2.077735424041748,-0.045398641377687454,-0.08917958279942863,-0.0011998068052022485,0.04398988799711319
ADE vs log,A ridge_late uniform,rater pre_onset,6,1.5459657907485962,-0.07420725375413895,-0.168675368030866,0.007266779740651448,0.08797107388575873
minADE1,A ridge_late uniform,all,106360,1.8194782733917236,-0.06234034150838852,-0.08220684262638707,-0.04296782635524228,0.019619508135572394
minADE1,A ridge_late uniform,pre_onset,1510,2.5305893421173096,-0.002996058901771903,-0.05367627776911732,0.044674188071319995,0.04917523292021866
minADE1,A ridge_late uniform,straight_yaw,46580,1.664074182510376,-0.12829478085041046,-0.16304100407855723,-0.09868686451103872,0.032177069783759255
minADE1,A ridge_late uniform,dec1-9,95724,1.4476487636566162,-0.036312635987997055,-0.057357059197537204,-0.015340331899321949,0.021008363649107627
minADE1,A ridge_late uniform,dec10,10636,5.165942192077637,-0.2965896725654602,-0.33448340249276665,-0.25794225863502407,0.03827057192887129
minADE1,A ridge_late uniform,dec1-9 pre_onset,1291,2.1372320652008057,0.012390359304845333,-0.043892655928381784,0.06754224227255896,0.05571744910047037
minADE1,A ridge_late uniform,rater,479,2.405524730682373,-0.05689649656414986,-0.109057257023804,-0.005144534175914455,0.051956361423944775
minADE1,A ridge_late uniform,rater credible,434,2.095592975616455,-0.06339380890130997,-0.12161265996709672,-0.01063391253661176,0.05548937371524248
minADE1,A ridge_late uniform,rater pre_onset,6,1.7591023445129395,-0.09208206087350845,-0.2088846762975057,-0.011196374893188477,0.09884415070215861
minADE3,A ridge_late uniform,all,106360,1.4666221141815186,-0.06269416958093643,-0.08090670031086139,-0.04541627233495322,0.017745213987954086
minADE3,A ridge_late uniform,pre_onset,1510,2.200900077819824,-0.015620113350450993,-0.06397405732648676,0.03236287041256089,0.04816846386952382
minADE3,A ridge_late uniform,straight_yaw,46580,1.4089395999908447,-0.12691962718963623,-0.1573369502607224,-0.1007815097867763,0.028277720236973045
minADE3,A ridge_late uniform,dec1-9,95724,1.1182996034622192,-0.035696841776371,-0.054664355796213815,-0.01714138423769977,0.01876148577925702
minADE3,A ridge_late uniform,dec10,10636,4.601523399353027,-0.3056701421737671,-0.3418897161515069,-0.26718814069021374,0.03735078773064657
minADE3,A ridge_late uniform,dec1-9 pre_onset,1291,1.8292298316955566,0.003513364354148507,-0.0472237548659952,0.051405170028024964,0.049314462447010085
minADE3,A ridge_late uniform,rater,479,2.0228190422058105,-0.05907539650797844,-0.10589682440983457,-0.012361256298920818,0.046767784055456875
minADE3,A ridge_late uniform,rater credible,434,1.723487138748169,-0.05608120188117027,-0.1042521394875055,-0.009396830670672922,0.04742765440841629
minADE3,A ridge_late uniform,rater pre_onset,6,1.5747922658920288,-0.0678602084517479,-0.19585919380187988,0.0,0.09792959690093994
minADE6,A ridge_late uniform,all,106360,1.2861982583999634,-0.0600908026099205,-0.0739701366018329,-0.04592156391666299,0.014024286342584954
minADE6,A ridge_late uniform,pre_onset,1510,1.9840619564056396,-0.023786643519997597,-0.0718313519800023,0.022856844922101213,0.04734409845105176
minADE6,A ridge_late uniform,straight_yaw,46580,1.2527021169662476,-0.11183487623929977,-0.13529653571474462,-0.09015315322758571,0.022571691243579453
minADE6,A ridge_late uniform,dec1-9,95724,0.958651602268219,-0.0334317646920681,-0.04781276494289299,-0.019641924225991435,0.014085420358450776
minADE6,A ridge_late uniform,dec10,10636,4.234119415283203,-0.3000221252441406,-0.3374822408979832,-0.2618717111238463,0.03780526488706845
minADE6,A ridge_late uniform,dec1-9 pre_onset,1291,1.6215413808822632,-0.013227838091552258,-0.06017132507600471,0.03369538647985264,0.046933355777928676
minADE6,A ridge_late uniform,rater,479,1.8213239908218384,-0.0885566771030426,-0.1324882188947018,-0.045563502220868586,0.04346235833691661
minADE6,A ridge_late uniform,rater credible,434,1.5279541015625,-0.08900494873523712,-0.13544030457323047,-0.046304436360189744,0.044567934106520365
minADE6,A ridge_late uniform,rater pre_onset,6,1.5747922658920288,0.05590735003352165,-0.007721424102783203,0.15301483869552612,0.08036813139915466
RFS,A ridge_late uniform,all,479,6.968319823122093,-0.08748400600351439,-0.18250081901942752,0.004293804212092786,0.09339731161576015
RFS,A ridge_late uniform,pre_onset,6,6.968832130687786,-0.03760413667813619,-0.32183297848983755,0.29235390178876236,0.30709344013929996
RFS,A ridge_late uniform,straight_yaw,162,8.001669394259446,0.05368781136180523,-0.09672291958059277,0.19424021724469903,0.1454815684126459
RFS,A ridge_late uniform,dec1-9,389,7.221516537250361,-0.096661547847657,-0.21850037223613092,0.01823176973351459,0.11836607098482275
RFS,A ridge_late uniform,dec10,90,5.873947358723253,-0.04781663069938686,-0.14385739608447787,0.03937253762974447,0.09161496685711117
RFS,A ridge_late uniform,dec1-9 pre_onset,6,6.968832130687786,-0.03760413667813619,-0.32183297848983755,0.29235390178876236,0.30709344013929996
RFS,A ridge_late uniform,rater,479,6.968319823122093,-0.08748400600351439,-0.18250081901942752,0.004293804212092786,0.09339731161576015
RFS,A ridge_late uniform,rater credible,434,7.051334975638645,-0.0984737742513857,-0.1980519449813209,0.0021817356614676118,0.10011684032139426
RFS,A ridge_late uniform,rater pre_onset,6,6.968832130687786,-0.03760413667813619,-0.32183297848983755,0.29235390178876236,0.30709344013929996
RFS,A ridge_late uniform,rater q1,96,8.441179701774672,-0.27608028346720553,-0.5181530318957167,-0.05544647275510391,0.2313532795703064
RFS,A ridge_late uniform,rater q2,96,7.7869600056667645,-0.08252642955096386,-0.3213981877250864,0.17331874666839484,0.2473584671967406
RFS,A ridge_late uniform,rater q3,95,6.790698574890473,-0.012044821668719865,-0.2272450482454789,0.20910876427813954,0.21817690626180922
RFS,A ridge_late uniform,rater q4,96,6.018284766927344,-0.028683769938588677,-0.24774424914122653,0.17546816938729493,0.21160620926426071
RFS,A ridge_late uniform,rater q5,96,5.802625845015473,-0.03729890055527332,-0.13977409589197268,0.04348088818020699,0.09162749203608983
ADE vs rater_best,A ridge_late uniform,all,479,3.1049773226762367,-0.052168716592928065,-0.09271451792438934,-0.010350569880996844,0.041181974021696245
ADE vs rater_best,A ridge_late uniform,pre_onset,6,2.6239718397458396,-0.053280413150787354,-0.36957955136895176,0.15975290586551028,0.264666228617231
ADE vs rater_best,A ridge_late uniform,straight_yaw,162,2.7856671213183875,-0.03332027057070791,-0.10058080268634262,0.037019235724234045,0.06880001920528833
ADE vs rater_best,A ridge_late uniform,dec1-9,389,2.557109473335406,-0.033680009811273885,-0.08038379513620006,0.012091520461674509,0.046237657798937286
ADE vs rater_best,A ridge_late uniform,dec10,90,5.472983915938271,-0.13208101590474447,-0.23648221102025774,-0.02858895843227705,0.10394662629399035
ADE vs rater_best,A ridge_late uniform,dec1-9 pre_onset,6,2.6239718397458396,-0.053280413150787354,-0.36957955136895176,0.15975290586551028,0.264666228617231
ADE vs rater_best,A ridge_late uniform,rater,479,3.1049773226762367,-0.052168716592928065,-0.09271451792438934,-0.010350569880996844,0.041181974021696245
ADE vs rater_best,A ridge_late uniform,rater credible,434,2.975434632516951,-0.04861152968648392,-0.09680630981767645,-0.003416765197115849,0.0466947723102803
ADE vs rater_best,A ridge_late uniform,rater pre_onset,6,2.6239718397458396,-0.053280413150787354,-0.36957955136895176,0.15975290586551028,0.264666228617231
ADE vs log,B ego:a1,all,106360,1.80649733543396,-0.02797968126833439,-0.051310641957502644,-0.005573545349220379,0.02286854830414113
ADE vs log,B ego:a1,pre_onset,1510,2.4018163681030273,0.02581453137099743,-0.04405355430418581,0.09385072844470575,0.06895214137444577
ADE vs log,B ego:a1,straight_yaw,46580,1.6224838495254517,-0.09907031804323196,-0.1368137731306214,-0.06561317243094188,0.03560030034983976
ADE vs log,B ego:a1,dec1-9,95724,1.422850489616394,0.017517946660518646,-0.00461386463475926,0.04040653902708929,0.022510201830924274
ADE vs log,B ego:a1,dec10,10636,5.2593183517456055,-0.4374583065509796,-0.48624530714998876,-0.3862915415011269,0.04997688282443094
ADE vs log,B ego:a1,dec1-9 pre_onset,1291,2.015383243560791,0.05338799208402634,-0.016706061054963712,0.12476690053792809,0.0707364807964459
ADE vs log,B ego:a1,rater,479,2.4189672470092773,-0.01380726508796215,-0.07059302281545297,0.04603024352733341,0.05831163317139319
ADE vs log,B ego:a1,rater credible,434,2.112632989883423,-0.010501011274755001,-0.07363146124450567,0.05336148508648443,0.06349647316549506
ADE vs log,B ego:a1,rater pre_onset,6,1.6413954496383667,0.021222421899437904,-0.09173146883646648,0.14972007671991983,0.12072577277819316
minADE1,B ego:a1,all,106360,1.8603742122650146,-0.021444054320454597,-0.04678837059228295,0.0035760269637222,0.025182198778002575
minADE1,B ego:a1,pre_onset,1510,2.5748138427734375,0.04122844338417053,-0.024662408793728056,0.10603068378375026,0.06534654628873916
minADE1,B ego:a1,straight_yaw,46580,1.6937670707702637,-0.09860183298587799,-0.14135164353282084,-0.06408364183356635,0.038634000849627245
minADE1,B ego:a1,dec1-9,95724,1.5068153142929077,0.022853927686810493,-0.0032514490857716936,0.04855427794472199,0.02590286351524684
minADE1,B ego:a1,dec10,10636,5.04240608215332,-0.42012590169906616,-0.4730432829314959,-0.368584459504622,0.05222941171343695
minADE1,B ego:a1,dec1-9 pre_onset,1291,2.1887919902801514,0.06395033001899719,-0.011674797619288168,0.132104717118313,0.07188975736880059
minADE1,B ego:a1,rater,479,2.4254894256591797,-0.03693170100450516,-0.09862926162879818,0.030729429061575893,0.06467934534518703
minADE1,B ego:a1,rater credible,434,2.1112277507781982,-0.04775897413492203,-0.1213821909995535,0.021503765055317463,0.07144297802743547
minADE1,B ego:a1,rater pre_onset,6,1.7591023445129395,-0.09208206087350845,-0.2088846762975057,-0.011196374893188477,0.09884415070215861
minADE3,B ego:a1,all,106360,1.508915662765503,-0.020400626584887505,-0.043588532360589675,0.003831056739032598,0.023709794549811137
minADE3,B ego:a1,pre_onset,1510,2.233647346496582,0.01712714694440365,-0.04974851101493453,0.07991677210514968,0.0648326415600421
minADE3,B ego:a1,straight_yaw,46580,1.4275580644607544,-0.10830114036798477,-0.14493715853707964,-0.07643764057488427,0.03424975898109769
minADE3,B ego:a1,dec1-9,95724,1.1783126592636108,0.02431609109044075,-0.00010051537961052414,0.04901856738485543,0.02455954138223298
minADE3,B ego:a1,dec10,10636,4.484342575073242,-0.4228511154651642,-0.4744449768552128,-0.3741781014038678,0.0501334377256725
minADE3,B ego:a1,dec1-9 pre_onset,1291,1.8731569051742554,0.047440432012081146,-0.019227902213351383,0.11290099473694035,0.06606444847514586
minADE3,B ego:a1,rater,479,2.0566253662109375,-0.025269128382205963,-0.08526412136619424,0.03436009409713475,0.059812107731664496
minADE3,B ego:a1,rater credible,434,1.7577178478240967,-0.021850496530532837,-0.08643264179010683,0.04088652498144566,0.06365958338577625
minADE3,B ego:a1,rater pre_onset,6,1.5747922658920288,-0.0678602084517479,-0.19585919380187988,0.0,0.09792959690093994
minADE6,B ego:a1,all,106360,1.3181724548339844,-0.02811652049422264,-0.047447742620892054,-0.007825402901130683,0.019811169859880684
minADE6,B ego:a1,pre_onset,1510,2.0171658992767334,0.009317179210484028,-0.05630790272610191,0.07212816639389967,0.06421803456000079
minADE6,B ego:a1,straight_yaw,46580,1.2671507596969604,-0.09738638252019882,-0.12660422644728267,-0.07073339031154458,0.027935418067869047
minADE6,B ego:a1,dec1-9,95724,1.007379174232483,0.01529575977474451,-0.004333866748564952,0.03496024306614859,0.01964705490735677
minADE6,B ego:a1,dec10,10636,4.115314483642578,-0.41882699728012085,-0.470079685779834,-0.3705021405580105,0.04978877261091175
minADE6,B ego:a1,dec1-9 pre_onset,1291,1.673311710357666,0.03854229301214218,-0.026949613375733657,0.09855349312956631,0.06275155325264999
minADE6,B ego:a1,rater,479,1.8374130725860596,-0.07246755808591843,-0.13156629432374825,-0.015838083523803923,0.057864105399972166
minADE6,B ego:a1,rater credible,434,1.5534336566925049,-0.06352555006742477,-0.12227185651968975,-0.010871451883684142,0.0557002023180028
minADE6,B ego:a1,rater pre_onset,6,1.5747922658920288,0.05590735003352165,-0.007721424102783203,0.15301483869552612,0.08036813139915466
RFS,B ego:a1,all,479,6.781365185397653,-0.274438643727956,-0.40219231529618615,-0.15543264819977362,0.12337983354820627
RFS,B ego:a1,pre_onset,6,6.990594052457482,-0.015842214908441548,-0.2783091349504483,0.30924306066014645,0.29377609780529734
RFS,B ego:a1,straight_yaw,162,7.925485527391394,-0.022496055506247004,-0.20581122008437763,0.15779003518865858,0.1818006276365181
RFS,B ego:a1,dec1-9,389,7.020216540271589,-0.29796154482642956,-0.4561966139812015,-0.14666936512485623,0.15476362442817262
RFS,B ego:a1,dec10,90,5.748996551553642,-0.17276743786899773,-0.3223127668705541,-0.04112106991152882,0.14059584847951265
RFS,B ego:a1,dec1-9 pre_onset,6,6.990594052457482,-0.015842214908441548,-0.2783091349504483,0.30924306066014645,0.29377609780529734
RFS,B ego:a1,rater,479,6.781365185397653,-0.274438643727956,-0.40219231529618615,-0.15543264819977362,0.12337983354820627
RFS,B ego:a1,rater credible,434,6.83971324851293,-0.3100955013771024,-0.4464412567328743,-0.16729046247167378,0.13957539713060027
RFS,B ego:a1,rater pre_onset,6,6.990594052457482,-0.015842214908441548,-0.2783091349504483,0.30924306066014645,0.29377609780529734
RFS,B ego:a1,rater q1,96,8.06978052545297,-0.6474794597889065,-1.0063658947798506,-0.31785502318040804,0.3442554357997213
RFS,B ego:a1,rater q2,96,7.596730968822452,-0.27275546639527803,-0.5478437724957358,0.026633311405191425,0.2872385419504636
RFS,B ego:a1,rater q3,95,6.56467511388989,-0.23806828266930283,-0.5377823574669092,0.07396304862151559,0.3058727030442124
RFS,B ego:a1,rater q4,96,5.992974514802511,-0.053994022063422714,-0.35476225634209935,0.2360281711483858,0.2953952137452426
RFS,B ego:a1,rater q5,96,5.680407615775571,-0.15951712979517552,-0.309773974628837,-0.034222755540682374,0.1377756095440773
ADE vs rater_best,B ego:a1,all,479,3.115026926166827,-0.04211911310233751,-0.10127157305212071,0.01666429267336646,0.058967932862743586
ADE vs rater_best,B ego:a1,pre_onset,6,2.6748336851596832,-0.002418567736943563,-0.44203458229700726,0.2869395891825357,0.3644870857397715
ADE vs rater_best,B ego:a1,straight_yaw,162,2.820547100202537,0.0015597083134415708,-0.09113614029858165,0.09750720089914634,0.094321670598864
ADE vs rater_best,B ego:a1,dec1-9,389,2.583393181389279,-0.00739630175740063,-0.07308039925216786,0.05974234089417183,0.06641137007316984
ADE vs rater_best,B ego:a1,dec10,90,5.4128661119275625,-0.1921988199154536,-0.3393066418502066,-0.04141369603574279,0.1489464729072319
ADE vs rater_best,B ego:a1,dec1-9 pre_onset,6,2.6748336851596832,-0.002418567736943563,-0.44203458229700726,0.2869395891825357,0.3644870857397715
ADE vs rater_best,B ego:a1,rater,479,3.115026926166827,-0.04211911310233751,-0.10127157305212071,0.01666429267336646,0.058967932862743586
ADE vs rater_best,B ego:a1,rater credible,434,2.9864905063526423,-0.03755565585079281,-0.10273439885473333,0.025113583284898003,0.06392399106981567
ADE vs rater_best,B ego:a1,rater pre_onset,6,2.6748336851596832,-0.002418567736943563,-0.44203458229700726,0.2869395891825357,0.3644870857397715
ADE vs log,C pre_onset fit,all,106360,1.9868346452713013,0.15235775709152222,0.13549537755448515,0.16934142248239847,0.01692302246395666
ADE vs log,C pre_onset fit,pre_onset,1510,2.3599252700805664,-0.016076447442173958,-0.08878912429967142,0.049646981651557245,0.06921805297561434
ADE vs log,C pre_onset fit,straight_yaw,46580,1.8636693954467773,0.14211532473564148,0.11580393426524101,0.1695151980637507,0.02685563189925485
ADE vs log,C pre_onset fit,dec1-9,95724,1.5782147645950317,0.1728821098804474,0.1550033837649712,0.19040182655198776,0.017699221393508283
ADE vs log,C pre_onset fit,dec10,10636,5.664414882659912,-0.03236161917448044,-0.06217076648062977,-0.0024478143211083343,0.029861476079760717
ADE vs log,C pre_onset fit,dec1-9 pre_onset,1291,1.968364953994751,0.006369356531649828,-0.058852023124484926,0.07048213365119438,0.06466707838783965
ADE vs log,C pre_onset fit,rater,479,2.61885666847229,0.18608227372169495,0.14641707565279635,0.22637147117005424,0.03997719775862894
ADE vs log,C pre_onset fit,rater credible,434,2.3219187259674072,0.19878485798835754,0.15934931260924187,0.2402394758760586,0.04044508163340836
ADE vs log,C pre_onset fit,rater pre_onset,6,1.7676095962524414,0.14743651449680328,-0.08127452929814656,0.48932939767837524,0.2853019634882609
minADE1,C pre_onset fit,all,106360,2.0269737243652344,0.14515537023544312,0.1288768630340165,0.16205580586573518,0.01658947141585934
minADE1,C pre_onset fit,pre_onset,1510,2.5382237434387207,0.004638230428099632,-0.07099706153176999,0.07605445585545206,0.07352575869361103
minADE1,C pre_onset fit,straight_yaw,46580,1.953896403312683,0.1615273803472519,0.13381925990745794,0.18957946148712926,0.02788010078983566
minADE1,C pre_onset fit,dec1-9,95724,1.648287057876587,0.16432569921016693,0.14689466191556064,0.18251019852820818,0.017807768306323773
minADE1,C pre_onset fit,dec10,10636,5.435153961181641,-0.027377570047974586,-0.06068124923356329,0.008521905115875283,0.03460157717471929
minADE1,C pre_onset fit,dec1-9 pre_onset,1291,2.1518843173980713,0.027042469009757042,-0.04075603440598713,0.09610238607818897,0.06842921024208805
minADE1,C pre_onset fit,rater,479,2.6312930583953857,0.16887186467647552,0.11452838551602326,0.22948835056111322,0.05747998252254498
minADE1,C pre_onset fit,rater credible,434,2.330906867980957,0.17192046344280243,0.11282755940817812,0.23203193389205476,0.05960218724193832
minADE1,C pre_onset fit,rater pre_onset,6,2.0220534801483154,0.17086923122406006,-0.07239208618799846,0.4434414654970169,0.25791677584250766
minADE3,C pre_onset fit,all,106360,1.6189353466033936,0.08961912989616394,0.07469940391952655,0.10534730274505831,0.01532394941276588
minADE3,C pre_onset fit,pre_onset,1510,2.1934502124786377,-0.02306992933154106,-0.09963244001050194,0.0545212891484582,0.07707686457948007
minADE3,C pre_onset fit,straight_yaw,46580,1.6235958337783813,0.08773665875196457,0.06067755062442447,0.1129586443406108,0.026140546858093167
minADE3,C pre_onset fit,dec1-9,95724,1.2608352899551392,0.10683878511190414,0.09177225008666307,0.12327638648881599,0.015752068201076462
minADE3,C pre_onset fit,dec10,10636,4.8418354988098145,-0.06535771489143372,-0.1002942306400352,-0.030380718929000225,0.03495675585551749
minADE3,C pre_onset fit,dec1-9 pre_onset,1291,1.8255810737609863,-0.00013511002180166543,-0.06883882999735949,0.0743073483119505,0.07157308915465499
minADE3,C pre_onset fit,rater,479,2.2216591835021973,0.13976477086544037,0.09850000834937402,0.1838031881131815,0.04265158988190374
minADE3,C pre_onset fit,rater credible,434,1.9310364723205566,0.1514681875705719,0.10839753688102768,0.1967238896058589,0.04416317636241561
minADE3,C pre_onset fit,rater pre_onset,6,1.722129464149475,0.07947727292776108,-0.15127323418855665,0.3130176598827044,0.23214544703563053
minADE6,C pre_onset fit,all,106360,1.4003947973251343,0.05410563573241234,0.04091151888742527,0.06756361604097205,0.01332604857677339
minADE6,C pre_onset fit,pre_onset,1510,1.9897546768188477,-0.018094021826982498,-0.08382578141697758,0.048375944232280366,0.06610086282462897
minADE6,C pre_onset fit,straight_yaw,46580,1.4174004793167114,0.052863478660583496,0.028739500220228257,0.0770879730080557,0.024174236393913723
minADE6,C pre_onset fit,dec1-9,95724,1.0617811679840088,0.06969793885946274,0.05556373011807165,0.0835054710466228,0.013970870464275576
minADE6,C pre_onset fit,dec10,10636,4.447916507720947,-0.08622508496046066,-0.12129376640840973,-0.05149705995141669,0.03489835322849652
minADE6,C pre_onset fit,dec1-9 pre_onset,1291,1.6381253004074097,0.0033560781739652157,-0.06049003579922416,0.06743890821079472,0.06396447200500943
minADE6,C pre_onset fit,rater,479,1.9675109386444092,0.057630423456430435,0.017192403802075366,0.09770777716003902,0.04025768667898183
minADE6,C pre_onset fit,rater credible,434,1.6854469776153564,0.0684879869222641,0.030594598041838766,0.11074513675396068,0.040075269356060955
minADE6,C pre_onset fit,rater pre_onset,6,1.5841602087020874,0.06527527421712875,-0.03280178705851237,0.2158211668332418,0.12431147694587708
RFS,C pre_onset fit,all,479,6.248675913620291,-0.8071279155053179,-0.9898804270908963,-0.6327343118497908,0.17857305762055276
RFS,C pre_onset fit,pre_onset,6,7.0,-0.006436267365922029,-0.6297486199327046,0.49018843776764315,0.5599685288501739
RFS,C pre_onset fit,straight_yaw,162,7.226892038685733,-0.7210895442119082,-1.0332775943011572,-0.4147769663923169,0.30925031395442015
RFS,C pre_onset fit,dec1-9,389,6.457860133166629,-0.8603179519313894,-1.0614533010833478,-0.666497327273202,0.1974779869050729
RFS,C pre_onset fit,dec10,90,5.344535231358898,-0.5772287580637425,-0.9103883937941121,-0.2867975442408343,0.3117954247766389
RFS,C pre_onset fit,dec1-9 pre_onset,6,7.0,-0.006436267365922029,-0.6297486199327046,0.49018843776764315,0.5599685288501739
RFS,C pre_onset fit,rater,479,6.248675913620291,-0.8071279155053179,-0.9898804270908963,-0.6327343118497908,0.17857305762055276
RFS,C pre_onset fit,rater credible,434,6.281891186401546,-0.8679175634884854,-1.0390637230510933,-0.6800576967113773,0.179503013169858
RFS,C pre_onset fit,rater pre_onset,6,7.0,-0.006436267365922029,-0.6297486199327046,0.49018843776764315,0.5599685288501739
RFS,C pre_onset fit,rater q1,96,7.097585650908722,-1.6196743343331548,-2.0488626265637375,-1.2157544182993463,0.4165541041321956
RFS,C pre_onset fit,rater q2,96,6.982950719676069,-0.8865357155416599,-1.292553057083756,-0.4745989535492231,0.40897705176726645
RFS,C pre_onset fit,rater q3,95,6.257622368688751,-0.5451210278704411,-0.9349375043537729,-0.15851696968095286,0.38821026733641
RFS,C pre_onset fit,rater q4,96,5.625763452283838,-0.42120508458209577,-0.7567544561134113,-0.10133864312295457,0.32770790649522835
RFS,C pre_onset fit,rater q5,96,5.27955056878437,-0.5603741767863746,-0.850067675056846,-0.2840347271430438,0.2830164739569011
ADE vs rater_best,C pre_onset fit,all,479,3.2791990738883148,0.12205303461915018,0.08446406453045822,0.1623135358923386,0.03892473568094019
ADE vs rater_best,C pre_onset fit,pre_onset,6,2.498015602429708,-0.17923665046691895,-0.4786220192909241,0.10465349753697713,0.2916377584139506
ADE vs rater_best,C pre_onset fit,straight_yaw,162,2.945631355231191,0.1266439633420956,0.06451183996502458,0.199491911605369,0.06749003582017221
ADE vs rater_best,C pre_onset fit,dec1-9,389,2.69600126097472,0.10521177782804003,0.05992809580366954,0.1500028499906308,0.04503737709348063
ADE vs rater_best,C pre_onset fit,dec10,90,5.799909620814853,0.19484468897183735,0.10336585213740666,0.28546686720516945,0.09105050753388139
ADE vs rater_best,C pre_onset fit,dec1-9 pre_onset,6,2.498015602429708,-0.17923665046691895,-0.4786220192909241,0.10465349753697713,0.2916377584139506
ADE vs rater_best,C pre_onset fit,rater,479,3.2791990738883148,0.12205303461915018,0.08446406453045822,0.1623135358923386,0.03892473568094019
ADE vs rater_best,C pre_onset fit,rater credible,434,3.1600992033077824,0.1360530411043475,0.0925212823257949,0.1769148574687094,0.042196787571457256
ADE vs rater_best,C pre_onset fit,rater pre_onset,6,2.498015602429708,-0.17923665046691895,-0.4786220192909241,0.10465349753697713,0.2916377584139506
ADE vs log,D mlp uniform,all,106360,1.8318692445755005,-0.0026075365021824837,-0.024935988073185675,0.019326737079500767,0.02213136257634322
ADE vs log,D mlp uniform,pre_onset,1510,2.375955104827881,-4.671741044148803e-05,-0.06309572918367173,0.05690075864022219,0.05999824391194696
ADE vs log,D mlp uniform,straight_yaw,46580,1.6723377704620361,-0.0492163710296154,-0.08354999672281549,-0.017513021890956847,0.03301848741592932
ADE vs log,D mlp uniform,dec1-9,95724,1.4499214887619019,0.04458896815776825,0.02331245589956564,0.06678205798333993,0.021734801041887145
ADE vs log,D mlp uniform,dec10,10636,5.269400596618652,-0.42737606167793274,-0.4883292108556003,-0.3654665132520511,0.061431348801774616
ADE vs log,D mlp uniform,dec1-9 pre_onset,1291,1.987342357635498,0.02534675970673561,-0.0405032461834482,0.08905384221750773,0.06477854420047796
ADE vs log,D mlp uniform,rater,479,2.473649024963379,0.040874507278203964,-0.016298925280415114,0.09747284651138814,0.05688588589590163
ADE vs log,D mlp uniform,rater credible,434,2.169835090637207,0.04670106992125511,-0.01841990978109397,0.10807567160181734,0.06324779069145565
ADE vs log,D mlp uniform,rater pre_onset,6,1.6522611379623413,0.03208793327212334,-0.12580902377764383,0.18007955948511759,0.1529442916313807
minADE1,D mlp uniform,all,106360,1.8734880685806274,-0.008330479264259338,-0.031980615356094665,0.014560562847227421,0.023270589101661042
minADE1,D mlp uniform,pre_onset,1510,2.56174898147583,0.028163626790046692,-0.03363610899765916,0.08264508180944691,0.058140595403553035
minADE1,D mlp uniform,straight_yaw,46580,1.7389492988586426,-0.0534195639193058,-0.08904746018607794,-0.02005960624991037,0.03449392696808379
minADE1,D mlp uniform,dec1-9,95724,1.520583152770996,0.03662169724702835,0.013143835131332838,0.059738497820667404,0.023297331344667282
minADE1,D mlp uniform,dec10,10636,5.049631118774414,-0.41290009021759033,-0.47196996150286624,-0.3507876860088894,0.06059113774698843
minADE1,D mlp uniform,dec1-9 pre_onset,1291,2.176893711090088,0.052051812410354614,-0.012741184705127038,0.12070287157379044,0.06672202813945874
minADE1,D mlp uniform,rater,479,2.4878439903259277,0.02542261779308319,-0.036438644634959404,0.0843830417049447,0.06041084316995206
minADE1,D mlp uniform,rater credible,434,2.1846883296966553,0.025701874867081642,-0.043997342657933036,0.09152657988605686,0.06776196127199495
minADE1,D mlp uniform,rater pre_onset,6,1.7381515502929688,-0.11303279548883438,-0.4135322372118632,0.07072231968243917,0.2421272784471512
minADE3,D mlp uniform,all,106360,1.5022624731063843,-0.027053723111748695,-0.05053999778566533,-0.00428098764817928,0.023129505068743023
minADE3,D mlp uniform,pre_onset,1510,2.2103333473205566,-0.0061867316253483295,-0.06579185162418255,0.054261209698167216,0.06002653066117489
minADE3,D mlp uniform,straight_yaw,46580,1.4500120878219604,-0.08584708720445633,-0.12034795488249202,-0.054230178816698685,0.033058888032896666
minADE3,D mlp uniform,dec1-9,95724,1.1711318492889404,0.01713547855615616,-0.0063751710777494785,0.03944492436159057,0.022910047719670024
minADE3,D mlp uniform,dec10,10636,4.482436656951904,-0.4247565269470215,-0.4845051865178706,-0.3640052120265522,0.06024998724565919
minADE3,D mlp uniform,dec1-9 pre_onset,1291,1.8532841205596924,0.027567869052290916,-0.03525085050131972,0.0879590137277604,0.06160493211454006
minADE3,D mlp uniform,rater,479,2.08138108253479,-0.0005132106598466635,-0.05733142282324929,0.05347429671552483,0.05540285976938706
minADE3,D mlp uniform,rater credible,434,1.7850443124771118,0.005475988145917654,-0.05489157721194254,0.05990124303109359,0.05739641012151807
minADE3,D mlp uniform,rater pre_onset,6,1.561002254486084,-0.08165013045072556,-0.42750827968120575,0.1270010334750016,0.27725465657810366
minADE6,D mlp uniform,all,106360,1.307163953781128,-0.039125122129917145,-0.059489056807880324,-0.01927263721150831,0.020108209798186005
minADE6,D mlp uniform,pre_onset,1510,1.9866081476211548,-0.021240534260869026,-0.08082585069611717,0.0288482136061166,0.054837032151116884
minADE6,D mlp uniform,straight_yaw,46580,1.2788243293762207,-0.08571279048919678,-0.1135622193410789,-0.05843511098663076,0.027563554177224066
minADE6,D mlp uniform,dec1-9,95724,0.9955174922943115,0.0034342340659350157,-0.01605824676197617,0.02106815780613994,0.018563202284058056
minADE6,D mlp uniform,dec10,10636,4.1119818687438965,-0.4221593141555786,-0.4827866149452691,-0.36143163331407974,0.060677490815594676
minADE6,D mlp uniform,dec1-9 pre_onset,1291,1.6374257802963257,0.002656562952324748,-0.05357703005257692,0.059759761097485965,0.05666839557503144
minADE6,D mlp uniform,rater,479,1.856713891029358,-0.05316655710339546,-0.10660892910930955,-0.004576383056294446,0.051016273026507554
minADE6,D mlp uniform,rater credible,434,1.5666464567184448,-0.050312597304582596,-0.10476426987346553,0.0006087690093962232,0.05268651944143088
minADE6,D mlp uniform,rater pre_onset,6,1.4854799509048462,-0.03340490534901619,-0.4392884373664856,0.2314324975013733,0.33536046743392944
RFS,D mlp uniform,all,479,6.650873520578461,-0.4049303085471472,-0.5524681273343123,-0.2606352201056743,0.14591645361431899
RFS,D mlp uniform,pre_onset,6,7.0,-0.006436267365922029,-0.6392458597981139,0.6199370577003478,0.6295914587492308
RFS,D mlp uniform,straight_yaw,162,7.600661966008251,-0.3473196168893906,-0.5830593307285266,-0.12295971809943546,0.23004980631454555
RFS,D mlp uniform,dec1-9,389,6.873520615246194,-0.44465746985182425,-0.6280537770244716,-0.2839526367614351,0.17205057013151825
RFS,D mlp uniform,dec10,90,5.688543300292374,-0.23322068913026534,-0.4774442248394669,0.0015857197759746899,0.2395149723077208
RFS,D mlp uniform,dec1-9 pre_onset,6,7.0,-0.006436267365922029,-0.6392458597981139,0.6199370577003478,0.6295914587492308
RFS,D mlp uniform,rater,479,6.650873520578461,-0.4049303085471472,-0.5524681273343123,-0.2606352201056743,0.14591645361431899
RFS,D mlp uniform,rater credible,434,6.707528649599599,-0.44228010029043324,-0.59117188661648,-0.2751335370989136,0.15801917475878322
RFS,D mlp uniform,rater pre_onset,6,7.0,-0.006436267365922029,-0.6392458597981139,0.6199370577003478,0.6295914587492308
RFS,D mlp uniform,rater q1,96,8.015353476026496,-0.7019065092153802,-1.0682803272805184,-0.34936714460459467,0.3594565913379618
RFS,D mlp uniform,rater q2,96,7.432994392219239,-0.43649204299848954,-0.8044809520090569,-0.066795367618467,0.3688427921952949
RFS,D mlp uniform,rater q3,95,6.414962517265269,-0.38778087929392224,-0.7690678744276789,-0.025564925403142494,0.3717514745122682
RFS,D mlp uniform,rater q4,96,5.766223397416919,-0.28074513944901364,-0.6437948183544911,0.028929058947366058,0.3363619386509286
RFS,D mlp uniform,rater q5,96,5.622376413679869,-0.21754833189087597,-0.45987053374467013,-0.007494787712798998,0.22618787301593557
ADE vs rater_best,D mlp uniform,all,479,3.198799723094341,0.04165368382517629,-0.014650070983778844,0.09820234895536009,0.05642620996956947
ADE vs rater_best,D mlp uniform,pre_onset,6,2.800765961408615,0.12351370851198833,-0.41668425674239795,0.5528132021427155,0.4847487294425567
ADE vs rater_best,D mlp uniform,straight_yaw,162,2.971283138166239,0.15229574627714393,0.06238354048459234,0.23818428068668876,0.0879003701010482
ADE vs rater_best,D mlp uniform,dec1-9,389,2.6750961689991937,0.08430668585251413,0.02139688197465748,0.14980702174942126,0.0642050698873819
ADE vs rater_best,D mlp uniform,dec10,90,5.462362862461143,-0.14270206938187283,-0.2946355255858765,4.3805465102179106e-05,0.14733966552548936
ADE vs rater_best,D mlp uniform,dec1-9 pre_onset,6,2.800765961408615,0.12351370851198833,-0.41668425674239795,0.5528132021427155,0.4847487294425567
ADE vs rater_best,D mlp uniform,rater,479,3.198799723094341,0.04165368382517629,-0.014650070983778844,0.09820234895536009,0.05642620996956947
ADE vs rater_best,D mlp uniform,rater credible,434,3.083879997172663,0.05983383496922831,-0.0021721206734188685,0.12397290405984711,0.06307251236663299
ADE vs rater_best,D mlp uniform,rater pre_onset,6,2.800765961408615,0.12351370851198833,-0.41668425674239795,0.5528132021427155,0.4847487294425567
ADE vs log,D mlp ego:a1,all,106360,1.9604358673095703,0.12595896422863007,0.09866394070017358,0.15583625449315078,0.0285861568964886
ADE vs log,D mlp ego:a1,pre_onset,1510,2.443845510482788,0.06784381717443466,-0.028526807057950198,0.15882152878554887,0.09367416792174953
ADE vs log,D mlp ego:a1,straight_yaw,46580,1.8272756338119507,0.10572146624326706,0.060859196565741173,0.1488511722669802,0.043995987850619506
ADE vs log,D mlp ego:a1,dec1-9,95724,1.6004146337509155,0.19508230686187744,0.1661836724567058,0.22525604839421953,0.029536187968756872
ADE vs log,D mlp ego:a1,dec10,10636,5.200625419616699,-0.49615126848220825,-0.5697786995980372,-0.42219836122158094,0.07379016918822812
ADE vs log,D mlp ego:a1,dec1-9 pre_onset,1291,2.0950772762298584,0.13308143615722656,0.05267138706630532,0.22308256871123697,0.08520559082246582
ADE vs log,D mlp ego:a1,rater,479,2.6174449920654297,0.184670552611351,0.11048908722684349,0.2607357713423031,0.0751233420577298
ADE vs log,D mlp ego:a1,rater credible,434,2.3265724182128906,0.20343856513500214,0.12542674065168416,0.28059279621505795,0.0775830277816869
ADE vs log,D mlp ego:a1,rater pre_onset,6,1.6956669092178345,0.07549410313367844,-0.26826619679729147,0.3204035505652426,0.29433487368126704
minADE1,D mlp ego:a1,all,106360,1.9997715950012207,0.11795304715633392,0.08792625066860996,0.14849466772062234,0.03028420852600619
minADE1,D mlp ego:a1,pre_onset,1510,2.624053478240967,0.09046816825866699,5.0130705348833434e-05,0.17775553556994497,0.08885270243229806
minADE1,D mlp ego:a1,straight_yaw,46580,1.8966957330703735,0.10432669520378113,0.058054783605413905,0.14937698919472267,0.04566110279465438
minADE1,D mlp ego:a1,dec1-9,95724,1.6671942472457886,0.18323290348052979,0.15314322989658313,0.21429357480592742,0.030575172454672145
minADE1,D mlp ego:a1,dec10,10636,4.992966175079346,-0.4695655107498169,-0.5444952524004174,-0.39640901104345216,0.07404312067848262
minADE1,D mlp ego:a1,dec1-9 pre_onset,1291,2.2773916721343994,0.15254971385002136,0.06493459091402991,0.241194154800725,0.08812978194334756
minADE1,D mlp ego:a1,rater,479,2.6233017444610596,0.16088055074214935,0.07834668899409955,0.23852374257575695,0.0800885267908287
minADE1,D mlp ego:a1,rater credible,434,2.327936887741089,0.16895020008087158,0.07829168605776976,0.26064056876857983,0.09117444135540503
minADE1,D mlp ego:a1,rater pre_onset,6,1.8536299467086792,0.0024455587845295668,-0.3457599391539891,0.24199137339989335,0.29387565627694123
minADE3,D mlp ego:a1,all,106360,1.6047320365905762,0.07541579008102417,0.04669439907564558,0.10589003416114959,0.029597817542752005
minADE3,D mlp ego:a1,pre_onset,1510,2.2657485008239746,0.04922834038734436,-0.04111208461343262,0.13377397611411448,0.08744303036377354
minADE3,D mlp ego:a1,straight_yaw,46580,1.5768629312515259,0.04100370407104492,-0.0014177339792956613,0.08280008648370166,0.04210891023149866
minADE3,D mlp ego:a1,dec1-9,95724,1.2917606830596924,0.13776423037052155,0.10934597989329879,0.16693476829183085,0.028794394199266028
minADE3,D mlp ego:a1,dec10,10636,4.421473026275635,-0.48572012782096863,-0.5590548520998244,-0.4154345377809511,0.07181015715943667
minADE3,D mlp ego:a1,dec1-9 pre_onset,1291,1.9407764673233032,0.11506025493144989,0.03839478764705067,0.19520801416004294,0.07840661325649613
minADE3,D mlp ego:a1,rater,479,2.1977899074554443,0.11589531600475311,0.038714067306316144,0.18929352720459333,0.0752897299491386
minADE3,D mlp ego:a1,rater credible,434,1.9149364233016968,0.13536806404590607,0.05324318916772917,0.21124522678451052,0.07900101880839068
minADE3,D mlp ego:a1,rater pre_onset,6,1.784192442893982,0.141540065407753,0.016849428415298462,0.268680257598559,0.12591541459163028
minADE6,D mlp ego:a1,all,106360,1.388706088066101,0.04241697117686272,0.016457863706737415,0.07168363999382066,0.02761288814354162
minADE6,D mlp ego:a1,pre_onset,1510,2.0373318195343018,0.029483206570148468,-0.057273901078585134,0.11176306287432632,0.08451848197645573
minADE6,D mlp ego:a1,straight_yaw,46580,1.3862236738204956,0.021686574444174767,-0.015476027810070282,0.06025402105667256,0.03786502443337142
minADE6,D mlp ego:a1,dec1-9,95724,1.0939708948135376,0.10188765078783035,0.0755645005993595,0.12870519305775507,0.026570346229197787
minADE6,D mlp ego:a1,dec10,10636,4.041322708129883,-0.4928191006183624,-0.5651429805588672,-0.4220190266938005,0.07156197693253338
minADE6,D mlp ego:a1,dec1-9 pre_onset,1291,1.7206315994262695,0.08586256951093674,0.006759094374200655,0.1627513171297351,0.07799611137776721
minADE6,D mlp ego:a1,rater,479,1.9567561149597168,0.04687562212347984,-0.02185412060946175,0.11606514115338543,0.0689596308814236
minADE6,D mlp ego:a1,rater credible,434,1.678174376487732,0.06121533364057541,-0.01451141424305428,0.13048403874760672,0.0724977264953305
minADE6,D mlp ego:a1,rater pre_onset,6,1.661667823791504,0.1427830010652542,-0.04206756750742594,0.3986557722091675,0.22036166985829672
RFS,D mlp ego:a1,all,479,6.369681541952571,-0.6861222871730379,-0.8478852958873151,-0.5101022252954024,0.16889153529595635
RFS,D mlp ego:a1,pre_onset,6,7.166666666666667,0.16023039930074465,-0.13924585979811388,0.6199370577003478,0.37959145874923084
RFS,D mlp ego:a1,straight_yaw,162,7.208302149853057,-0.7396794330445847,-1.008094980005597,-0.47498975732621246,0.2665526113396922
RFS,D mlp ego:a1,dec1-9,389,6.5422653237037665,-0.7759127613942511,-0.9766903689205542,-0.5760759879454618,0.2003071904875462
RFS,D mlp ego:a1,dec10,90,5.623736085272401,-0.29802790415023883,-0.5463128174580585,-0.055947774772275534,0.24518252134289148
RFS,D mlp ego:a1,dec1-9 pre_onset,6,7.166666666666667,0.16023039930074465,-0.13924585979811388,0.6199370577003478,0.37959145874923084
RFS,D mlp ego:a1,rater,479,6.369681541952571,-0.6861222871730379,-0.8478852958873151,-0.5101022252954024,0.16889153529595635
RFS,D mlp ego:a1,rater credible,434,6.408575668509604,-0.741233081380427,-0.9238955685814043,-0.5686294645671841,0.1776330520071101
RFS,D mlp ego:a1,rater pre_onset,6,7.166666666666667,0.16023039930074465,-0.13924585979811388,0.6199370577003478,0.37959145874923084
RFS,D mlp ego:a1,rater q1,96,7.644940476816974,-1.0723195084249024,-1.5068291290777378,-0.6542157629119162,0.4263066830829108
RFS,D mlp ego:a1,rater q2,96,7.015992382355901,-0.8534940528618261,-1.2593339817856297,-0.42265247576984055,0.4183407530078946
RFS,D mlp ego:a1,rater q3,95,5.869955303872518,-0.932788092686675,-1.321433504750198,-0.5430372767729538,0.3891981139886221
RFS,D mlp ego:a1,rater q4,96,5.740465620684369,-0.30650291618156406,-0.7111162060490818,0.03558538939431467,0.3733507977216982
RFS,D mlp ego:a1,rater q5,96,5.571848444386423,-0.26807630118432246,-0.5085237113517416,-0.05505895510748975,0.2267323781221259
ADE vs rater_best,D mlp ego:a1,all,479,3.3176847897889967,0.16053875051983213,0.08416855045108686,0.23959344966817825,0.0777124496085457
ADE vs rater_best,D mlp ego:a1,pre_onset,6,2.636235083142916,-0.04101716975371043,-0.803773451472322,0.5466574430465698,0.6752154472594459
ADE vs rater_best,D mlp ego:a1,straight_yaw,162,3.123398987967291,0.3044115960781957,0.17362321463679414,0.42392092313107427,0.12514885424714006
ADE vs rater_best,D mlp ego:a1,dec1-9,389,2.821739195628154,0.2309497124814742,0.14715365742280193,0.3159117645219569,0.08437905354957749
ADE vs rater_best,D mlp ego:a1,dec10,90,5.461271857884195,-0.14379307395882077,-0.3505128210617436,0.0572365415096283,0.20387468128568595
ADE vs rater_best,D mlp ego:a1,dec1-9 pre_onset,6,2.636235083142916,-0.04101716975371043,-0.803773451472322,0.5466574430465698,0.6752154472594459
ADE vs rater_best,D mlp ego:a1,rater,479,3.3176847897889967,0.16053875051983213,0.08416855045108686,0.23959344966817825,0.0777124496085457
ADE vs rater_best,D mlp ego:a1,rater credible,434,3.2008036035134495,0.17675744131001458,0.09511366792727038,0.2567881427816875,0.08083723742720855
ADE vs rater_best,D mlp ego:a1,rater pre_onset,6,2.636235083142916,-0.04101716975371043,-0.803773451472322,0.5466574430465698,0.6752154472594459
ADE vs log,cls ego,all,106360,1.9743963479995728,0.13991937041282654,0.07374024366017423,0.2191982363461905,0.07272899634300814
ADE vs log,cls ego,pre_onset,1510,2.706705331802368,0.33070358633995056,-0.05250656382708162,0.9532331833751497,0.5028698736011157
ADE vs log,cls ego,straight_yaw,46580,1.9982768297195435,0.2767226994037628,0.19380163466883854,0.37097803680826663,0.08858820106971405
ADE vs log,cls ego,dec1-9,95724,1.6586869955062866,0.25335440039634705,0.18733937448510996,0.3272365486589587,0.06994858708692436
ADE vs log,cls ego,dec10,10636,4.8157806396484375,-0.8809961676597595,-1.0773018717381513,-0.6761248508176169,0.2005885104602672
ADE vs log,cls ego,dec1-9 pre_onset,1291,2.3458049297332764,0.38380947709083557,0.15685447134470937,0.7117319990544363,0.27743876385486343
ADE vs log,cls ego,rater,479,2.570493221282959,0.13771885633468628,-0.0326183823248465,0.3275505557579924,0.18008446904141945
ADE vs log,cls ego,rater credible,434,2.3112170696258545,0.18808314204216003,0.0039681409738854916,0.37925978897199514,0.18764582399905483
ADE vs log,cls ego,rater pre_onset,6,2.4019906520843506,0.781817615032196,0.16443580090999604,1.1167009472846985,0.47613257318735125
minADE1,cls ego,all,106360,1.9743963479995728,0.09257785230875015,0.03235189806858402,0.16355831423244463,0.0656032080819303
minADE1,cls ego,pre_onset,1510,2.706705331802368,0.17311991751194,-0.21229538837356343,0.7882132943441381,0.5002543413588507
minADE1,cls ego,straight_yaw,46580,1.9982768297195435,0.2059078812599182,0.12574587796140838,0.29466577415050116,0.08445994809454639
minADE1,cls ego,dec1-9,95724,1.6586869955062866,0.17472554743289948,0.1150081334751974,0.24028181586711295,0.06263684119595778
minADE1,cls ego,dec10,10636,4.8157806396484375,-0.6467514038085938,-0.8128263599619432,-0.4714111998270205,0.17070758006746134
minADE1,cls ego,dec1-9 pre_onset,1291,2.3458049297332764,0.22096318006515503,-0.009068591264961939,0.5533640043977167,0.28121629783133933
minADE1,cls ego,rater,479,2.570493221282959,0.1080719605088234,-0.05982069694332916,0.29264447423296774,0.17623258558814844
minADE1,cls ego,rater credible,434,2.3112170696258545,0.15223054587841034,-0.02401143654683081,0.33713301559438075,0.18057222607060577
minADE1,cls ego,rater pre_onset,6,2.4019906520843506,0.5508062243461609,-0.026661932468414307,0.9177699089050293,0.4722159206867218
minADE3,cls ego,all,106360,1.269165277481079,-0.26015087962150574,-0.2919841070835059,-0.22529976895713605,0.033342169063184934
minADE3,cls ego,pre_onset,1510,1.8198432922363281,-0.3966768682003021,-0.6119548033353466,-0.10841514431921923,0.2517698295080637
minADE3,cls ego,straight_yaw,46580,1.2644168138504028,-0.2714424133300781,-0.31766946207232594,-0.2240546800648747,0.04680739100372562
minADE3,cls ego,dec1-9,95724,1.0145014524459839,-0.13949501514434814,-0.1680636771590089,-0.1076638031249315,0.030199937017038707
minADE3,cls ego,dec10,10636,3.5611395835876465,-1.3460536003112793,-1.4487415218240538,-1.256035134595743,0.0963531936141554
minADE3,cls ego,dec1-9 pre_onset,1291,1.5942904949188232,-0.23142583668231964,-0.3584122567415124,-0.08337791535722434,0.13751717069214403
minADE3,cls ego,rater,479,1.811214804649353,-0.27067965269088745,-0.3873462279033623,-0.15228131571823586,0.11753245609256323
minADE3,cls ego,rater credible,434,1.5803554058074951,-0.19921287894248962,-0.32333067143207184,-0.08032871483983946,0.1215009782961162
minADE3,cls ego,rater pre_onset,6,1.8775161504745483,0.23486368358135223,0.03656009137630463,0.5051956790188948,0.2343177938212951
minADE6,cls ego,all,106360,0.9612346291542053,-0.3850545585155487,-0.41272053309158696,-0.3553467807418289,0.028686876174879028
minADE6,cls ego,pre_onset,1510,1.4942796230316162,-0.5135689973831177,-0.7134715426334342,-0.2743189290003048,0.21957630681656468
minADE6,cls ego,straight_yaw,46580,0.9401999115943909,-0.42433714866638184,-0.4636743178883958,-0.38396949156706806,0.039852413160663874
minADE6,cls ego,dec1-9,95724,0.7427451014518738,-0.24933815002441406,-0.2718562139397102,-0.2260913804573745,0.022882416741167852
minADE6,cls ego,dec10,10636,2.9276397228240967,-1.606501817703247,-1.6964872479673105,-1.5290967022811592,0.08369527284307565
minADE6,cls ego,dec1-9 pre_onset,1291,1.3261910676956177,-0.3085781931877136,-0.42363645304597936,-0.178174265776306,0.12273109363483668
minADE6,cls ego,rater,479,1.42302668094635,-0.48685386776924133,-0.5864306481704264,-0.3916214723727182,0.09740458789885412
minADE6,cls ego,rater credible,434,1.2264121770858765,-0.3905469477176666,-0.48380040890850506,-0.3012394786031256,0.09128046515268973
minADE6,cls ego,rater pre_onset,6,1.728493332862854,0.20960859954357147,-0.007721424102783203,0.525401771068573,0.2665615975856781
RFS,cls ego,all,479,7.342672500465909,0.2868686713403001,0.08240287337211351,0.4777981774413868,0.19769765203463666
RFS,cls ego,pre_onset,6,7.083333333333333,0.0768970659674113,-0.2964152865993713,0.5735217711009765,0.4349685288501739
RFS,cls ego,straight_yaw,162,7.896531644718799,-0.05144993817884142,-0.3589708953817676,0.25405610175574767,0.30651349856875765
RFS,cls ego,dec1-9,389,7.464072414210514,0.1458943291124948,-0.06501398283896699,0.35855537485530037,0.21178467884713367
RFS,cls ego,dec10,90,6.8179550955031205,0.8961911060804807,0.42126190251626006,1.4095522740321287,0.4941451857579343
RFS,cls ego,dec1-9 pre_onset,6,7.083333333333333,0.0768970659674113,-0.2964152865993713,0.5735217711009765,0.4349685288501739
RFS,cls ego,rater,479,7.342672500465909,0.2868686713403001,0.08240287337211351,0.4777981774413868,0.19769765203463666
RFS,cls ego,rater credible,434,7.449170378494669,0.2993616286046374,0.08523884756734229,0.49360669111751737,0.20418392177508754
RFS,cls ego,rater pre_onset,6,7.083333333333333,0.0768970659674113,-0.2964152865993713,0.5735217711009765,0.4349685288501739
RFS,cls ego,rater q1,96,8.184114357906603,-0.5331456273352725,-0.9250013320910112,-0.15286728762761037,0.3860670222317004
RFS,cls ego,rater q2,96,7.583832439701485,-0.28565399551624315,-0.6407860591052891,0.050500958181378335,0.3456435086433337
RFS,cls ego,rater q3,95,7.54181150473304,0.7390681081738472,0.2928088041123563,1.1580078553822344,0.43259952563493903
RFS,cls ego,rater q4,96,6.636019930951231,0.5890513940852984,0.11996620488849724,1.0596992773585763,0.4698665362350395
RFS,cls ego,rater q5,96,6.769658633664965,0.9297338880942201,0.49151439751128806,1.4080308142394016,0.45825820836405673
ADE vs rater_best,cls ego,all,479,3.267581079252422,0.11043503998325738,-0.05875435234127675,0.2829013346294506,0.17082784348536367
ADE vs rater_best,cls ego,pre_onset,6,3.2660462657610574,0.5887940128644308,-0.41257739067077637,1.5834521795312562,0.9980147851010163
ADE vs rater_best,cls ego,straight_yaw,162,3.2701833157075777,0.4511959238184823,0.16399638016512733,0.7890569156695656,0.31253026775221915
ADE vs rater_best,cls ego,dec1-9,389,2.8324834021301535,0.24169391898347356,0.0909938292718221,0.4048629765688492,0.15693457364851354
ADE vs rater_best,cls ego,dec10,90,5.148169928147561,-0.4568950036954549,-1.0496759870508687,0.11937019326982774,0.5845230901603482
ADE vs rater_best,cls ego,dec1-9 pre_onset,6,3.2660462657610574,0.5887940128644308,-0.41257739067077637,1.5834521795312562,0.9980147851010163
ADE vs rater_best,cls ego,rater,479,3.267581079252422,0.11043503998325738,-0.05875435234127675,0.2829013346294506,0.17082784348536367
ADE vs rater_best,cls ego,rater credible,434,3.121360888738992,0.09731472653555705,-0.08275193336029743,0.2919581834645566,0.187355058412427
ADE vs rater_best,cls ego,rater pre_onset,6,3.2660462657610574,0.5887940128644308,-0.41257739067077637,1.5834521795312562,0.9980147851010163
ADE vs log,cls_late vision+ego,all,106360,1.955858588218689,0.12138183414936066,0.047230788685595805,0.20319889051250536,0.07798405091345478
ADE vs log,cls_late vision+ego,pre_onset,1510,2.478253126144409,0.10225116461515427,-0.12359907001044125,0.3831892842813693,0.2533941771459053
ADE vs log,cls_late vision+ego,straight_yaw,46580,2.010263204574585,0.28870919346809387,0.1976274136825598,0.3950250088196249,0.09869879756853255
ADE vs log,cls_late vision+ego,dec1-9,95724,1.650356411933899,0.2450239062309265,0.17328160536723275,0.3233870677177202,0.07505273117524372
ADE vs log,cls_late vision+ego,dec10,10636,4.705379486083984,-0.9913967847824097,-1.1880802418401981,-0.801581576090808,0.19324933287469503
ADE vs log,cls_late vision+ego,dec1-9 pre_onset,1291,2.220289468765259,0.2582939863204956,0.10693150549222602,0.4358707547503498,0.1644696246290619
ADE vs log,cls_late vision+ego,rater,479,2.515395164489746,0.08262049406766891,-0.07709366792765858,0.25050829705187333,0.16380098248976596
ADE vs log,cls_late vision+ego,rater credible,434,2.267263174057007,0.14412912726402283,-0.029652390578409762,0.3225080483211076,0.17608021944975866
ADE vs log,cls_late vision+ego,rater pre_onset,6,2.387188196182251,0.7670152187347412,0.06860326553384463,1.4319871085385483,0.6816919215023518
minADE1,cls_late vision+ego,all,106360,1.955858588218689,0.07404030114412308,0.009776153635127191,0.1493562477607692,0.069790047062821
minADE1,cls_late vision+ego,pre_onset,1510,2.478253126144409,-0.055332448333501816,-0.2866305826509605,0.2242891631279823,0.25545987288947136
minADE1,cls_late vision+ego,straight_yaw,46580,2.010263204574585,0.21789440512657166,0.1302277613362878,0.3170527974507292,0.09341251805722069
minADE1,cls_late vision+ego,dec1-9,95724,1.650356411933899,0.16639499366283417,0.10043684890148105,0.2423682833357973,0.07096571721715812
minADE1,cls_late vision+ego,dec10,10636,4.705379486083984,-0.7571519613265991,-0.9270447728656162,-0.5918679630546725,0.16758840490547183
minADE1,cls_late vision+ego,dec1-9 pre_onset,1291,2.220289468765259,0.09544769674539566,-0.05559736451237936,0.27472630316008445,0.1651618338362319
minADE1,cls_late vision+ego,rater,479,2.515395164489746,0.05297361686825752,-0.0879225515897555,0.20486664985849262,0.14639460072412405
minADE1,cls_late vision+ego,rater credible,434,2.267263174057007,0.10827653110027313,-0.04983952676336611,0.2800969978476861,0.1649682623055261
minADE1,cls_late vision+ego,rater pre_onset,6,2.387188196182251,0.536003828048706,-0.13645261526107788,1.2488895073533057,0.6926710613071918
minADE3,cls_late vision+ego,all,106360,1.2472950220108032,-0.28202128410339355,-0.3168779358032385,-0.24109009375949292,0.03789392102187278
minADE3,cls_late vision+ego,pre_onset,1510,1.789750337600708,-0.4267699122428894,-0.6389766569124319,-0.1653847650205545,0.2367959459459387
minADE3,cls_late vision+ego,straight_yaw,46580,1.2590351104736328,-0.276824027299881,-0.3294112533366595,-0.21707848306591387,0.05616638513537281
minADE3,cls_late vision+ego,dec1-9,95724,1.002047061920166,-0.15194949507713318,-0.18462187827507592,-0.11382317294340033,0.0353993526658378
minADE3,cls_late vision+ego,dec10,10636,3.4545257091522217,-1.4526673555374146,-1.5564628175630824,-1.3655732221674728,0.09544479769780478
minADE3,cls_late vision+ego,dec1-9 pre_onset,1291,1.5755943059921265,-0.2501220107078552,-0.37987315273806216,-0.08985152948593274,0.14501081162606472
minADE3,cls_late vision+ego,rater,479,1.7860593795776367,-0.2958349883556366,-0.4114339410892403,-0.17507469769848533,0.11817962169537749
minADE3,cls_late vision+ego,rater credible,434,1.577894687652588,-0.20167365670204163,-0.3176871068003128,-0.08701498942183603,0.1153360586892384
minADE3,cls_late vision+ego,rater pre_onset,6,1.827412724494934,0.18476025760173798,0.04580405429005623,0.34997813900311786,0.1520870423565308
minADE6,cls_late vision+ego,all,106360,0.9425825476646423,-0.40370652079582214,-0.43316305121212756,-0.3733144847627404,0.029924283224693593
minADE6,cls_late vision+ego,pre_onset,1510,1.4779096841812134,-0.5299389958381653,-0.7371663981956066,-0.2549032289122488,0.2411315846416789
minADE6,cls_late vision+ego,straight_yaw,46580,0.9277172088623047,-0.43681997060775757,-0.47940178457892463,-0.39342206084327636,0.042989861867824136
minADE6,cls_late vision+ego,dec1-9,95724,0.733260452747345,-0.2588227391242981,-0.28182881921200353,-0.23425121171759783,0.023788803747202852
minADE6,cls_late vision+ego,dec10,10636,2.8264808654785156,-1.7076607942581177,-1.7970615247396746,-1.6285425149785886,0.08425950488054301
minADE6,cls_late vision+ego,dec1-9 pre_onset,1291,1.3067080974578857,-0.32806116342544556,-0.44871793471314275,-0.17627017800293626,0.13622387835510325
minADE6,cls_late vision+ego,rater,479,1.3998277187347412,-0.5100528001785278,-0.6061155541502483,-0.4146914003887418,0.09571207688075326
minADE6,cls_late vision+ego,rater credible,434,1.209183692932129,-0.4077753722667694,-0.49524601092261655,-0.3252051613383716,0.08502042479212249
minADE6,cls_late vision+ego,rater pre_onset,6,1.6380090713500977,0.11912436038255692,-0.007721424102783203,0.27341269453366596,0.14056705931822458
RFS,cls_late vision+ego,all,479,7.29186318033832,0.23605935121271115,0.046761954853252116,0.42709815704617327,0.19016810109646057
RFS,cls_late vision+ego,pre_onset,6,6.485567948702147,-0.5208683186637759,-1.6804039923605374,0.4806911979022339,1.0805475951313857
RFS,cls_late vision+ego,straight_yaw,162,7.866152007249419,-0.08182957564822202,-0.3776037968951458,0.19381887034655684,0.2857113336208513
RFS,cls_late vision+ego,dec1-9,389,7.438178252628693,0.12000016753067512,-0.09955373735867848,0.3239003281890624,0.21172703277387045
RFS,cls_late vision+ego,dec10,90,6.659456923438817,0.737692934016178,0.27846742106148487,1.2159999389630263,0.46876625895077073
RFS,cls_late vision+ego,dec1-9 pre_onset,6,6.485567948702147,-0.5208683186637759,-1.6804039923605374,0.4806911979022339,1.0805475951313857
RFS,cls_late vision+ego,rater,479,7.29186318033832,0.23605935121271115,0.046761954853252116,0.42709815704617327,0.19016810109646057
RFS,cls_late vision+ego,rater credible,434,7.416106719695458,0.26629796980542547,0.06065804525465784,0.4732553311011165,0.20629864292322933
RFS,cls_late vision+ego,rater pre_onset,6,6.485567948702147,-0.5208683186637759,-1.6804039923605374,0.4806911979022339,1.0805475951313857
RFS,cls_late vision+ego,rater q1,96,8.159486857632151,-0.557773127609727,-0.935127170244645,-0.20024885379058877,0.3674391582270281
RFS,cls_late vision+ego,rater q2,96,7.700905823658512,-0.16858061155921714,-0.5401020706152286,0.19503098368111826,0.36756652714817345
RFS,cls_late vision+ego,rater q3,95,7.480679100778971,0.6779357042197779,0.21686799064734882,1.118329580582145,0.45073079496739804
RFS,cls_late vision+ego,rater q4,96,6.546483906626094,0.49951536976016003,0.060016048690660996,0.9444274491095239,0.44220570020943145
RFS,cls_late vision+ego,rater q5,96,6.573727045500465,0.733802299929719,0.33281789354975627,1.1712609717710225,0.4192215391106331
ADE vs rater_best,cls_late vision+ego,all,479,3.2331450536714903,0.07599901440232557,-0.07288613239340229,0.2257406346739813,0.1493133835336918
ADE vs rater_best,cls_late vision+ego,pre_onset,6,3.614831288655599,0.9375790357589722,-0.09869619558254876,1.9248830477396648,1.0117896216611069
ADE vs rater_best,cls_late vision+ego,straight_yaw,162,3.153416339997892,0.3344289481087967,0.10006401577567216,0.5851379080283147,0.24253694612632126
ADE vs rater_best,cls_late vision+ego,dec1-9,389,2.780453005714634,0.18966352256795435,0.06012713602934976,0.3355205043083229,0.13769668413948657
ADE vs rater_best,cls_late vision+ego,dec10,90,5.189780683173901,-0.4152842486691144,-1.0175032943109463,0.18965321526293535,0.6035782547869408
ADE vs rater_best,cls_late vision+ego,dec1-9 pre_onset,6,3.614831288655599,0.9375790357589722,-0.09869619558254876,1.9248830477396648,1.0117896216611069
ADE vs rater_best,cls_late vision+ego,rater,479,3.2331450536714903,0.07599901440232557,-0.07288613239340229,0.2257406346739813,0.1493133835336918
ADE vs rater_best,cls_late vision+ego,rater credible,434,3.0896054782265203,0.06555931602308553,-0.085544176209527,0.22951012998054868,0.15752715309503784
ADE vs rater_best,cls_late vision+ego,rater pre_onset,6,3.614831288655599,0.9375790357589722,-0.09869619558254876,1.9248830477396648,1.0117896216611069
logged future,logged future,rater,479,8.175144927007192,,,,
logged future floored,logged future,rater,479,0.09394572025052192,,,,
